id_img,label
10052,angry
10065,fear
10079,angry
10095,angry
10121,angry
10148,angry
10163,neutral
10215,angry
1024,happy
10286,angry
10315,fear
10336,angry
10338,fear
10371,sad
10382,neutral
10399,neutral
10415,neutral
10426,angry
10551,sad
10554,happy
10583,surprise
10699,angry
10702,neutral
1071,sad
10743,angry
10746,fear
10818,happy
10823,neutral
10825,neutral
10839,angry
10854,happy
10970,neutral
11002,sad
11017,sad
11024,angry
11028,sad
1106,happy
11075,angry
11093,sad
11096,fear
11158,angry
11169,angry
11186,angry
11188,angry
11200,sad
1124,angry
11266,fear
1127,angry
11337,angry
11342,angry
11400,neutral
11421,fear
11467,angry
11561,fear
11610,angry
11613,angry
11632,angry
11642,angry
11675,angry
11694,angry
1177,angry
11813,angry
11841,angry
11849,angry
11883,fear
11949,angry
11964,angry
11986,angry
12136,neutral
12144,angry
1215,neutral
12171,neutral
12183,surprise
12230,angry
12237,fear
12307,angry
1235,angry
12352,neutral
12489,neutral
12680,angry
12695,neutral
12733,fear
12808,angry
12810,angry
12841,angry
12842,angry
12851,angry
12928,neutral
12945,angry
13029,angry
13041,fear
13057,surprise
13059,angry
13092,neutral
13118,angry
13167,angry
13220,neutral
13267,fear
13279,neutral
13334,neutral
13351,sad
13376,neutral
13395,neutral
1340,angry
13431,neutral
1350,happy
13514,fear
13533,surprise
13535,angry
1358,sad
13582,sad
13599,happy
13607,angry
13671,neutral
13672,angry
13738,angry
13758,fear
1386,happy
13890,fear
13978,angry
14022,angry
14030,fear
14058,neutral
14108,angry
14118,happy
14120,fear
14148,neutral
14185,neutral
14206,angry
1422,fear
14243,angry
14315,angry
14329,angry
14357,angry
14376,angry
1438,sad
14381,sad
14421,angry
14438,fear
14498,neutral
14557,neutral
1460,angry
14706,happy
1477,fear
14775,neutral
14821,angry
14831,sad
14870,angry
14945,angry
15074,angry
1508,angry
15138,angry
15172,fear
15190,happy
15194,angry
15217,fear
15222,angry
15295,neutral
15474,sad
15500,fear
15502,neutral
1555,neutral
15562,happy
15637,happy
15644,angry
15654,fear
15699,angry
157,fear
15709,neutral
15712,neutral
15715,fear
15725,angry
1575,angry
15771,angry
1582,surprise
15820,fear
15821,neutral
15835,neutral
1584,angry
15848,angry
15897,fear
15919,angry
15941,angry
15954,happy
15979,angry
16033,neutral
16102,angry
16169,fear
16222,fear
16233,angry
16287,happy
16292,angry
16380,angry
16406,sad
16410,angry
16413,fear
16428,angry
16506,fear
16510,surprise
16557,neutral
16565,neutral
16643,sad
16659,happy
16681,fear
16711,happy
1672,fear
16764,fear
16768,angry
16783,angry
16792,angry
16875,angry
16999,fear
17024,angry
17053,neutral
17085,neutral
17099,angry
17167,angry
1717,angry
17170,neutral
17186,angry
17209,happy
17211,fear
17228,sad
17259,angry
17316,angry
17344,neutral
1736,fear
17371,neutral
17413,angry
17428,angry
17445,neutral
17452,angry
17502,angry
17536,angry
17647,fear
17700,angry
17705,surprise
17731,angry
17735,angry
17736,angry
17752,sad
17787,angry
17910,angry
17939,angry
18001,neutral
18050,sad
18140,angry
18142,angry
18161,surprise
18166,surprise
18183,angry
18200,angry
18247,angry
1825,happy
18254,sad
18284,angry
18376,fear
18380,fear
1841,surprise
18415,angry
18445,angry
18459,fear
18466,angry
18492,angry
18534,neutral
18565,neutral
18566,angry
18588,angry
18593,angry
18602,happy
18617,neutral
18633,angry
18695,fear
18715,angry
18779,angry
1880,angry
18810,fear
18837,angry
18882,angry
18903,sad
18949,neutral
18983,angry
1899,sad
18994,angry
19014,happy
19060,neutral
19067,sad
1908,fear
19093,angry
19108,angry
19114,fear
19115,angry
19140,fear
19152,happy
19268,angry
19292,angry
19309,neutral
19392,fear
19476,happy
19477,happy
19485,angry
1966,angry
19664,neutral
19732,angry
19811,neutral
1983,fear
19832,angry
19877,sad
19906,sad
19923,angry
1994,happy
19950,surprise
19961,happy
2006,angry
20222,angry
20227,fear
20287,surprise
20290,angry
20298,angry
20303,angry
20312,fear
20328,angry
20353,angry
20374,angry
20451,neutral
2050,angry
20505,happy
20532,angry
2055,angry
20629,angry
20630,fear
20635,angry
20640,neutral
20653,angry
20673,angry
20686,angry
20736,angry
20739,neutral
20796,angry
20817,angry
20849,neutral
21068,angry
21099,sad
21111,angry
21131,fear
21135,angry
21161,angry
2117,surprise
21173,fear
21284,fear
21371,angry
21374,happy
2142,neutral
21447,surprise
21472,angry
21511,fear
21512,fear
21520,surprise
21541,sad
21573,sad
21670,sad
21703,angry
21723,neutral
21782,angry
21836,neutral
21865,angry
21916,fear
21921,happy
21922,neutral
2194,angry
22089,angry
22183,fear
22184,angry
22198,angry
2225,neutral
22309,angry
22334,sad
22375,neutral
22516,angry
22695,angry
22733,angry
22739,happy
22789,angry
22807,neutral
22810,neutral
22832,angry
2290,fear
22990,angry
23,sad
23008,fear
23041,sad
23059,angry
23085,happy
23164,angry
23194,angry
23215,neutral
23230,happy
23246,angry
23327,happy
23404,neutral
23468,happy
23473,angry
23488,angry
23521,neutral
23532,angry
23749,neutral
23780,angry
23783,happy
23814,angry
23847,angry
23886,sad
24067,sad
2407,angry
24071,sad
24176,angry
24184,angry
24252,sad
24378,angry
24412,angry
24428,angry
24435,happy
24437,sad
24441,fear
24466,angry
24490,neutral
245,angry
24501,sad
24542,sad
24660,fear
24678,angry
24711,angry
24789,angry
24797,angry
24819,angry
24821,neutral
2484,angry
2486,neutral
2487,angry
24886,fear
249,neutral
24959,surprise
24967,angry
2498,neutral
24992,angry
25082,sad
25088,angry
251,fear
25101,fear
2511,angry
25131,fear
25144,angry
25209,angry
25255,neutral
25343,happy
25360,neutral
25435,angry
25528,angry
25542,happy
2557,angry
2558,fear
25612,happy
25681,neutral
25688,sad
25778,happy
25795,neutral
2581,angry
25811,angry
25813,happy
25844,neutral
25874,angry
25876,angry
25886,angry
25891,sad
259,angry
25944,fear
25973,neutral
26025,angry
26038,angry
26059,fear
26121,neutral
26124,fear
26137,happy
26163,happy
26175,fear
26177,angry
26181,angry
26185,fear
26248,angry
26264,fear
26267,sad
26337,sad
26344,angry
26437,sad
26446,neutral
26462,neutral
26572,fear
26597,happy
26618,fear
26620,angry
2668,angry
26725,angry
26789,sad
26845,fear
26860,fear
26886,angry
26899,angry
26900,angry
26919,angry
26928,angry
26956,happy
27016,angry
27022,angry
27054,fear
2709,fear
2712,angry
27284,angry
27296,angry
27385,angry
27413,neutral
27464,angry
27483,fear
27544,happy
2762,happy
27652,fear
2770,angry
27704,happy
27715,angry
27726,neutral
27744,neutral
27770,angry
27777,angry
27798,angry
27828,happy
2791,angry
27967,sad
27982,angry
28015,neutral
28058,angry
28062,neutral
28120,happy
28144,surprise
28148,angry
28149,neutral
28207,angry
28248,angry
28288,angry
28300,angry
28401,happy
28438,angry
28498,neutral
28509,angry
28543,sad
28547,angry
28560,angry
28585,angry
28614,angry
28618,angry
28620,fear
28660,angry
28707,fear
28720,angry
28731,angry
28737,surprise
28743,angry
28749,angry
28800,fear
28840,angry
28867,angry
28884,neutral
2890,fear
28932,sad
28952,angry
29085,angry
29119,angry
29132,sad
29202,angry
29266,angry
29319,neutral
2933,angry
29414,sad
29471,angry
29477,fear
29493,angry
29523,happy
29527,neutral
29554,angry
29571,angry
29581,angry
29588,angry
29614,happy
29669,fear
29685,sad
29730,happy
298,sad
29818,angry
29866,neutral
29929,neutral
29931,surprise
29947,happy
29977,sad
29980,angry
30002,angry
30004,angry
30015,happy
30024,angry
30058,neutral
30059,angry
30082,fear
30085,angry
30171,angry
3021,angry
30260,happy
30273,sad
30290,neutral
30305,angry
30320,neutral
30325,angry
30394,angry
30415,neutral
30420,fear
30456,sad
30458,neutral
30460,angry
30490,neutral
30509,happy
30535,fear
30563,neutral
30584,surprise
30619,neutral
30901,angry
30933,sad
30944,happy
3099,happy
31033,angry
31042,sad
31081,neutral
31083,neutral
31138,angry
31142,happy
31203,neutral
3121,angry
3137,angry
31491,angry
31529,neutral
31544,fear
31609,neutral
31635,fear
31693,sad
31703,angry
3176,neutral
31849,surprise
3186,angry
31873,angry
3188,happy
31928,happy
32023,angry
32024,angry
32153,happy
32161,neutral
32223,angry
32231,angry
3226,angry
32278,angry
32281,angry
32298,surprise
32336,fear
32352,angry
32367,angry
32454,neutral
32464,sad
32473,angry
3248,happy
32481,sad
32506,angry
32512,angry
32575,happy
32584,angry
32617,sad
32662,happy
32755,sad
32777,angry
33015,angry
3303,surprise
33105,angry
33131,fear
33221,angry
3327,sad
33301,happy
33308,angry
3334,sad
33352,angry
33444,fear
33450,fear
33459,angry
33494,neutral
33560,happy
33573,fear
33633,angry
33666,angry
3370,angry
33729,angry
3377,neutral
338,angry
33809,angry
33829,sad
33890,neutral
33924,sad
33926,fear
3393,sad
33935,fear
33977,happy
33987,fear
33998,angry
34036,angry
34040,neutral
3412,neutral
34138,angry
34151,angry
34175,happy
34178,angry
34184,angry
34238,angry
34259,angry
34352,sad
34359,angry
34363,angry
34448,angry
34474,angry
3449,angry
34507,happy
34581,angry
34592,angry
34596,sad
34620,angry
3467,angry
34714,sad
34778,sad
34879,surprise
35009,angry
35010,neutral
35028,angry
35041,angry
35059,angry
35145,angry
35149,angry
35162,angry
35210,angry
3522,fear
35261,fear
35298,happy
35407,neutral
35425,angry
35439,fear
35447,fear
35514,angry
3558,angry
3564,angry
35669,sad
35681,angry
35682,angry
35731,fear
35753,sad
35805,angry
35809,angry
35820,angry
35828,fear
35881,sad
35884,neutral
3599,sad
3632,angry
377,sad
38,angry
3802,angry
3819,neutral
3839,sad
3862,neutral
3870,happy
3913,angry
4015,angry
404,angry
4060,neutral
4077,fear
4100,sad
4196,neutral
4229,neutral
4306,angry
4317,fear
4324,angry
4349,angry
4384,angry
4396,surprise
4397,sad
4459,neutral
4468,angry
4502,angry
4579,angry
4616,angry
4637,neutral
4660,neutral
4665,angry
4670,sad
4700,angry
4751,fear
4807,fear
4878,angry
4937,sad
5010,angry
5060,happy
5064,neutral
521,angry
5220,angry
5233,angry
5244,angry
5259,angry
5312,fear
5317,fear
5400,happy
5422,surprise
5432,angry
5434,fear
5459,fear
5519,angry
5564,fear
5570,angry
5582,fear
5607,sad
5610,angry
5637,happy
5732,angry
5739,fear
5780,angry
5810,angry
5822,angry
5859,angry
5883,angry
5888,happy
589,angry
5902,angry
5962,angry
6009,angry
6017,neutral
6075,angry
608,sad
6088,angry
6119,sad
6129,angry
6155,angry
6225,surprise
6232,fear
624,angry
6274,angry
6278,angry
6283,angry
6321,sad
633,surprise
6347,angry
6364,angry
6365,sad
6375,angry
6390,angry
6420,angry
6426,sad
6471,fear
6484,angry
65,sad
654,neutral
6547,happy
6555,neutral
6561,angry
6566,angry
6580,angry
6581,angry
6584,fear
6618,angry
6621,fear
665,angry
6652,angry
6726,fear
6739,angry
6745,neutral
676,neutral
6766,angry
6809,happy
6890,neutral
6923,angry
6955,angry
6965,angry
7015,angry
7056,angry
7103,fear
7136,happy
7174,angry
7219,fear
7257,angry
7261,neutral
727,sad
7284,angry
7291,neutral
7409,angry
7492,angry
7550,fear
7559,angry
7589,happy
764,neutral
7655,fear
7668,angry
7729,angry
7777,angry
7793,angry
7811,sad
7886,surprise
7919,sad
7937,angry
7979,angry
8000,angry
8001,angry
8052,angry
8096,sad
8103,fear
8130,angry
8151,sad
816,angry
8267,fear
8275,angry
8299,angry
8402,fear
842,angry
854,angry
8555,neutral
8581,neutral
8593,fear
861,fear
8661,fear
8685,angry
8719,sad
8734,happy
8902,angry
8916,neutral
8969,fear
9012,angry
9059,neutral
9100,angry
9156,surprise
9266,angry
9293,angry
9331,angry
9400,fear
9567,neutral
9615,angry
966,angry
9691,sad
9698,neutral
9715,angry
9748,angry
9785,fear
9802,neutral
9811,neutral
9862,sad
9884,sad
9931,angry
10053,angry
10435,angry
10532,fear
1115,disgust
11222,fear
11529,disgust
11639,disgust
12417,disgust
12753,angry
13372,fear
13597,fear
13652,angry
13847,angry
14041,surprise
14869,fear
14954,fear
14958,angry
15110,fear
16021,angry
16054,angry
16121,angry
16264,angry
16718,disgust
17260,angry
18077,neutral
1843,surprise
18464,disgust
18716,angry
19649,happy
19734,neutral
19770,disgust
19801,neutral
19831,sad
20761,fear
21744,fear
21765,disgust
21851,sad
22320,angry
2275,sad
23141,happy
23153,fear
23665,neutral
23876,sad
24578,angry
25267,angry
25538,neutral
25541,happy
26859,happy
2732,disgust
2742,sad
28332,angry
28390,fear
28710,angry
28987,angry
29158,angry
29269,fear
30347,fear
30428,angry
30499,angry
30601,angry
30719,angry
30761,disgust
30907,angry
3101,happy
31232,happy
31323,surprise
31796,sad
31828,angry
32487,surprise
32681,angry
33209,angry
33284,angry
33561,angry
33670,angry
33995,angry
34022,angry
34432,fear
34505,angry
34519,happy
3521,fear
35376,angry
35580,disgust
3690,fear
3778,disgust
4002,fear
4004,fear
4265,fear
4312,angry
4481,angry
4737,sad
5085,angry
533,fear
573,disgust
6231,disgust
6926,angry
7068,surprise
7192,angry
7405,fear
7455,angry
7592,angry
7835,disgust
807,fear
8415,happy
8585,disgust
8726,fear
8893,disgust
8948,fear
9043,angry
9297,angry
9460,disgust
9504,neutral
10029,surprise
10043,fear
10044,surprise
1008,fear
10099,fear
101,surprise
10189,sad
10263,fear
10267,angry
10278,happy
10292,angry
10355,fear
10409,happy
10437,neutral
10443,sad
10445,neutral
10458,surprise
10489,fear
10493,surprise
10534,surprise
1075,surprise
10758,sad
1079,fear
10797,fear
10832,neutral
10933,angry
10944,surprise
10968,fear
10979,neutral
11030,happy
11036,angry
11039,neutral
11054,neutral
11057,neutral
11104,sad
11112,fear
11137,surprise
11143,angry
11146,sad
1116,angry
1128,surprise
1133,angry
11353,angry
11360,happy
1137,sad
11381,happy
11412,fear
11416,sad
11471,angry
11536,surprise
1154,sad
11559,angry
11587,sad
11653,surprise
11682,fear
11687,neutral
1169,fear
11704,fear
11706,neutral
11727,sad
11729,sad
11747,disgust
11754,angry
11774,sad
11816,angry
11855,happy
11904,fear
1193,surprise
11944,fear
11968,angry
11999,fear
12063,neutral
12125,sad
12255,happy
12259,happy
12313,surprise
12334,angry
12350,surprise
12383,happy
12431,sad
12440,neutral
12472,neutral
12496,sad
12527,fear
12578,neutral
12592,fear
12634,angry
12674,neutral
12676,angry
12698,surprise
12712,angry
12737,surprise
12809,happy
12891,fear
12948,surprise
12986,fear
12988,fear
13067,neutral
13071,fear
131,fear
13114,sad
13121,fear
13152,fear
13179,fear
13233,neutral
1325,neutral
13250,angry
13252,fear
13301,surprise
13306,angry
13308,fear
13310,angry
13362,fear
13394,happy
13405,fear
1343,angry
13482,fear
13486,sad
13518,fear
13549,surprise
13561,surprise
13585,angry
13587,happy
13593,fear
13596,happy
13638,sad
13664,surprise
1367,fear
13683,fear
13694,fear
13798,fear
13855,neutral
1389,fear
13899,neutral
13913,angry
13921,sad
13928,surprise
13933,happy
13939,fear
13965,angry
13971,fear
1401,neutral
14011,surprise
14033,neutral
14037,angry
14044,happy
14057,sad
14082,fear
1410,surprise
14114,happy
14117,neutral
14268,fear
1429,fear
14306,neutral
1441,sad
14444,neutral
14452,angry
14509,fear
14529,fear
14551,neutral
14605,angry
14620,angry
14637,fear
1465,happy
14722,fear
1474,fear
14744,sad
14747,sad
14786,angry
14789,fear
148,angry
1485,surprise
14891,fear
14987,fear
15001,neutral
15012,neutral
15040,angry
1506,neutral
15088,fear
15134,fear
15191,fear
15198,fear
15260,fear
15268,angry
15279,sad
15280,angry
1534,angry
15503,happy
15539,neutral
15544,surprise
15578,angry
15615,surprise
15622,angry
15663,neutral
15668,sad
15678,angry
1576,neutral
15778,surprise
15859,sad
15870,angry
15881,angry
15921,surprise
15950,angry
15984,fear
1599,neutral
15999,angry
16039,fear
1606,sad
16071,surprise
16113,fear
16134,fear
16226,sad
16277,fear
16318,fear
16330,fear
16346,fear
16374,surprise
16395,angry
16429,neutral
16440,angry
16450,angry
16486,fear
16489,fear
16501,fear
16503,fear
16523,fear
16539,sad
1654,fear
16559,sad
1657,surprise
1660,fear
16609,sad
16632,angry
16674,surprise
16775,fear
16788,fear
16802,fear
16811,fear
16830,fear
16915,sad
16930,happy
16954,fear
16977,happy
16990,sad
17105,neutral
17107,fear
17114,fear
17180,fear
17191,fear
17213,sad
17217,fear
1722,angry
17236,fear
1727,angry
17314,fear
17334,fear
17369,fear
17449,sad
17479,fear
17503,angry
17550,sad
17558,sad
1756,fear
17587,angry
17631,sad
17668,fear
17685,sad
17707,fear
17710,fear
17762,angry
17816,angry
17831,neutral
17834,fear
17901,happy
17930,surprise
17932,neutral
17934,neutral
1796,sad
1799,sad
18006,angry
18010,angry
18068,sad
18073,surprise
18104,fear
18106,angry
18108,surprise
18117,angry
18148,fear
18203,neutral
18291,happy
18299,happy
18309,surprise
18317,fear
18325,angry
18336,neutral
18364,angry
1838,fear
18404,happy
18513,happy
18517,happy
18523,neutral
18527,sad
18542,fear
18569,angry
1857,sad
18574,fear
18641,angry
18713,sad
1873,surprise
18753,sad
18757,angry
18763,fear
18905,angry
18908,fear
18911,surprise
18960,neutral
18974,angry
18976,fear
18984,surprise
19000,sad
19020,fear
19064,surprise
19089,fear
19119,fear
19188,fear
19216,fear
19226,fear
19235,surprise
19252,angry
1929,fear
19349,happy
1939,neutral
19454,neutral
19473,sad
19497,fear
19559,angry
19599,fear
19612,happy
19644,happy
19682,sad
19740,surprise
19754,fear
19810,surprise
19841,angry
1986,surprise
19888,angry
19896,angry
19897,angry
19995,fear
200,angry
20037,fear
20058,neutral
20062,sad
20083,fear
20135,fear
20194,angry
20214,neutral
20265,happy
20337,fear
20411,fear
20424,angry
20450,fear
20461,fear
2047,fear
20476,angry
20495,sad
20508,surprise
20526,fear
20579,fear
20598,angry
20617,angry
20715,sad
20831,fear
20843,angry
20851,sad
20897,sad
20970,neutral
2098,angry
21,fear
21070,surprise
21101,angry
21102,surprise
21227,surprise
21230,sad
21250,angry
21269,angry
21280,fear
21352,fear
21360,neutral
21387,sad
21420,fear
21464,surprise
21499,happy
21500,fear
21556,surprise
21559,surprise
21598,surprise
21615,fear
21654,angry
21686,fear
21697,happy
2178,surprise
21833,surprise
21858,happy
21877,fear
21946,angry
21967,surprise
22050,surprise
22074,surprise
22102,sad
22130,angry
22166,surprise
2226,fear
22326,surprise
22349,happy
224,surprise
22458,angry
22485,happy
22520,surprise
22607,angry
22640,sad
22662,neutral
22756,fear
22791,angry
22827,fear
22839,surprise
22840,fear
22917,neutral
22944,angry
22988,angry
22997,happy
23038,angry
23083,sad
23100,surprise
23126,fear
23142,happy
23184,happy
23192,sad
23209,fear
23260,fear
23305,fear
23332,neutral
23362,fear
23368,fear
23389,fear
23403,fear
23427,happy
23447,angry
23463,neutral
23477,angry
23517,fear
23540,surprise
23561,fear
23566,surprise
2357,angry
23718,surprise
23731,sad
23767,fear
23778,sad
2378,fear
23791,fear
2391,fear
24016,sad
24035,neutral
24088,fear
24089,fear
24131,angry
2416,sad
24165,neutral
24185,angry
24213,fear
24220,neutral
2426,surprise
24452,fear
24479,sad
24482,sad
24539,sad
24554,happy
24562,surprise
24579,happy
24621,surprise
24625,happy
24694,fear
24721,happy
24753,fear
24763,neutral
24778,happy
24822,angry
24880,fear
24948,surprise
24963,neutral
24978,sad
24991,sad
25045,fear
25046,fear
25061,neutral
25074,surprise
25108,surprise
25109,fear
25133,fear
25162,fear
25191,fear
25202,happy
25220,angry
25242,fear
25247,sad
25298,angry
25306,fear
25327,sad
25359,neutral
25439,happy
25481,neutral
25496,neutral
25555,fear
25570,surprise
25577,fear
25590,fear
25605,fear
25621,fear
25638,fear
25647,fear
25710,fear
258,fear
25820,fear
25914,fear
2592,fear
2593,sad
26082,neutral
26091,happy
26097,sad
26131,fear
26210,neutral
26250,fear
26275,angry
26283,sad
26363,neutral
26377,sad
26385,disgust
26394,sad
264,angry
26402,angry
26409,surprise
2641,fear
26454,angry
26469,surprise
2651,fear
2657,fear
26582,fear
26726,sad
2681,angry
26842,fear
26895,happy
26916,surprise
26927,fear
26973,fear
26980,fear
270,fear
27006,angry
27077,fear
27094,neutral
27098,surprise
27103,angry
27145,angry
27300,surprise
27308,angry
27359,angry
27363,surprise
27369,sad
27488,fear
27503,angry
27509,angry
27591,sad
27635,sad
27709,sad
27764,sad
27772,fear
27806,sad
27846,surprise
27868,neutral
27889,fear
2789,neutral
27899,sad
27910,fear
27937,angry
28050,angry
28101,angry
28189,neutral
28210,angry
28243,fear
28267,fear
28308,fear
28331,sad
28417,fear
28453,surprise
28503,surprise
28515,fear
28548,fear
2858,fear
2860,fear
28627,disgust
28701,fear
28704,surprise
28724,fear
28729,angry
28734,neutral
28859,neutral
29005,fear
29026,fear
29027,neutral
29043,angry
2906,angry
29068,fear
29126,neutral
29152,sad
29219,sad
2927,neutral
29284,fear
29285,fear
29291,happy
29315,angry
29327,neutral
29349,surprise
29389,angry
29478,neutral
29528,surprise
29536,fear
29603,angry
29629,neutral
29674,fear
297,fear
29701,fear
29709,surprise
29713,fear
29720,surprise
29731,angry
29733,happy
29735,sad
29738,neutral
29795,happy
29869,neutral
2987,fear
29871,angry
2988,fear
29892,neutral
29912,neutral
29924,neutral
29990,sad
3000,fear
30062,happy
30074,neutral
30196,happy
30206,neutral
30237,fear
30253,sad
30316,neutral
30333,fear
3036,fear
30482,fear
30564,fear
3057,sad
30594,surprise
30638,sad
30735,angry
30774,angry
30798,surprise
3087,sad
30936,fear
31007,fear
31105,angry
31107,happy
31116,surprise
3112,fear
31130,fear
31157,fear
31159,surprise
31188,fear
3124,neutral
31286,fear
31330,fear
31341,angry
31357,fear
31375,angry
31395,fear
31398,surprise
314,fear
31421,sad
31461,fear
31526,sad
31535,happy
31569,fear
31625,fear
31638,sad
31655,sad
3170,surprise
31738,neutral
31782,surprise
31821,fear
31855,fear
31860,fear
31866,happy
31903,fear
31916,fear
31940,sad
31954,neutral
31973,sad
31979,neutral
32076,fear
32097,fear
32103,fear
32180,sad
32279,surprise
32323,surprise
32349,fear
32351,angry
32438,sad
32461,fear
32463,fear
32485,angry
32507,sad
32551,fear
32569,sad
32619,neutral
32623,angry
32642,fear
32682,neutral
32688,angry
3269,fear
32692,sad
32696,surprise
32758,fear
32766,neutral
32799,fear
32829,neutral
32876,angry
32879,happy
32889,angry
32931,angry
32940,surprise
32941,neutral
32946,fear
3296,angry
3297,fear
32996,angry
33007,angry
33051,sad
33097,fear
3314,fear
33215,fear
33258,sad
33299,fear
33358,angry
33390,happy
33410,angry
33419,surprise
33440,surprise
33490,neutral
33519,sad
33535,angry
33548,fear
33559,angry
33587,fear
33608,fear
33617,fear
33644,surprise
33673,surprise
33674,neutral
33701,neutral
33718,happy
33806,sad
33855,fear
3391,angry
33919,sad
33940,sad
340,fear
3402,fear
34024,fear
34063,fear
3409,angry
34097,fear
341,angry
34100,surprise
34117,fear
34120,happy
34143,fear
34201,angry
34277,sad
34325,fear
34356,neutral
34382,sad
34396,angry
34415,sad
34462,fear
34465,angry
34522,neutral
34545,angry
34613,sad
34656,happy
34659,angry
34675,fear
3472,neutral
34730,happy
34755,surprise
34878,surprise
34897,fear
34968,sad
34972,happy
35022,fear
35120,fear
35151,fear
35202,fear
35207,fear
35230,surprise
35238,surprise
35250,fear
35257,fear
35279,neutral
35322,sad
35334,angry
35362,sad
35363,fear
35394,fear
35410,neutral
35427,fear
35453,fear
35541,neutral
35592,surprise
35629,fear
3565,fear
35697,fear
35709,angry
3584,angry
35851,neutral
3601,surprise
3645,sad
365,angry
3709,surprise
3714,fear
3719,angry
3722,angry
3736,fear
3739,sad
3742,neutral
3783,neutral
3785,neutral
3836,fear
3837,sad
3985,fear
4033,surprise
4040,angry
4064,sad
4098,neutral
414,fear
418,sad
4200,surprise
4217,happy
4234,neutral
4296,fear
4308,fear
4316,surprise
4340,surprise
4411,fear
4453,fear
4516,angry
452,angry
4523,fear
454,fear
4540,angry
4547,angry
460,neutral
4650,surprise
4821,happy
483,sad
4858,surprise
4901,happy
4917,neutral
4975,fear
4979,fear
4986,surprise
500,sad
5023,surprise
504,fear
507,surprise
5074,neutral
5097,angry
5117,angry
5184,angry
5222,surprise
5253,surprise
5263,fear
5283,happy
5360,fear
538,sad
546,neutral
5472,angry
5514,fear
5567,neutral
5622,fear
5638,neutral
5654,neutral
5717,happy
5736,surprise
5809,fear
5858,sad
5957,angry
5961,neutral
5989,happy
5992,sad
6035,sad
6037,fear
6054,happy
6059,fear
6062,fear
6064,fear
6091,fear
6106,angry
6152,neutral
6153,sad
6176,fear
6179,surprise
6214,angry
6311,angry
6345,neutral
6346,neutral
6366,surprise
6469,angry
6495,surprise
6515,angry
6608,neutral
6732,angry
6747,neutral
6808,surprise
6814,angry
6876,sad
689,fear
6902,happy
6909,fear
6973,fear
6988,happy
7027,neutral
7038,surprise
7102,fear
712,sad
7129,fear
7146,happy
7150,fear
7158,fear
7182,fear
7270,neutral
7271,sad
729,angry
73,fear
7302,surprise
7305,fear
7350,fear
7394,neutral
741,neutral
7517,angry
7542,fear
7580,angry
7681,angry
7684,fear
7748,fear
7749,sad
7756,fear
7786,fear
7819,fear
7846,sad
7875,fear
7894,fear
794,fear
7980,fear
8035,surprise
8040,fear
8043,sad
8067,neutral
8119,fear
8163,neutral
8177,happy
8178,fear
8239,surprise
8350,fear
8433,neutral
8454,fear
8474,angry
8481,sad
85,neutral
8556,angry
859,fear
8611,surprise
8637,fear
8645,surprise
8672,sad
872,fear
8754,fear
8795,happy
8797,fear
8818,surprise
886,sad
9037,surprise
9040,fear
9101,fear
911,angry
9179,neutral
9205,surprise
9232,fear
9251,fear
9261,fear
9281,fear
9302,sad
9333,fear
9369,surprise
9370,angry
9474,fear
949,sad
9602,angry
9606,fear
9842,angry
9898,angry
10019,fear
10023,sad
10074,happy
10096,happy
10106,happy
10126,neutral
10138,happy
10141,surprise
1020,happy
10218,happy
10237,happy
10248,happy
10257,happy
1027,happy
10273,neutral
10276,happy
10312,happy
10317,happy
10344,happy
10362,happy
10367,happy
10370,happy
10432,happy
10456,fear
10467,happy
10468,neutral
10480,happy
10528,happy
10540,happy
10552,happy
1056,fear
10571,surprise
1058,happy
10622,happy
10638,angry
10640,happy
10644,neutral
10647,fear
10683,happy
10703,neutral
1074,angry
10770,sad
10773,happy
10792,neutral
1081,happy
10811,happy
10841,happy
10879,happy
10903,happy
10935,happy
10956,happy
10992,happy
11019,happy
1111,happy
11150,happy
11208,happy
1121,happy
11236,neutral
1130,fear
11345,happy
11349,happy
11392,happy
1141,happy
11500,happy
11508,happy
11516,happy
1152,happy
11530,happy
11549,fear
11552,happy
11558,happy
11573,surprise
11575,happy
11588,neutral
1159,angry
11594,happy
11604,angry
11614,happy
11637,angry
11646,happy
11658,happy
11717,happy
11733,happy
11763,happy
11766,happy
11772,neutral
11785,happy
11793,neutral
11808,happy
11814,happy
11819,happy
11835,fear
11842,happy
11850,happy
11885,happy
11927,happy
12011,happy
1202,happy
12024,happy
12098,angry
12120,happy
12129,happy
12141,happy
12191,happy
12239,happy
12257,sad
12284,happy
12321,happy
12329,happy
12349,happy
12359,happy
12376,happy
12379,happy
12381,fear
12410,happy
1246,happy
12487,happy
12492,fear
12497,surprise
12557,happy
12560,happy
12581,happy
12600,happy
12611,happy
12672,happy
12705,angry
12725,happy
12729,angry
12772,happy
12776,happy
12789,neutral
12861,happy
12904,happy
12936,angry
12951,happy
12956,happy
12957,happy
13037,happy
13073,happy
1309,happy
13105,happy
13108,neutral
13127,neutral
13139,happy
13151,happy
1316,happy
13204,happy
13228,happy
13283,happy
13317,fear
13322,happy
1334,neutral
13348,happy
13353,neutral
13363,happy
13366,fear
13385,happy
1341,happy
13427,happy
13428,happy
13449,happy
13456,happy
13476,happy
13502,happy
13526,happy
13528,surprise
13570,happy
13584,happy
13590,happy
13615,neutral
13618,happy
13655,happy
13703,happy
13706,neutral
13715,angry
13757,happy
13761,neutral
13792,happy
13802,happy
1381,happy
13833,neutral
13848,happy
13874,happy
13877,happy
139,fear
13911,happy
13912,surprise
13925,happy
1395,sad
13955,happy
13968,surprise
13969,happy
13991,happy
14063,happy
14092,fear
141,neutral
14139,happy
14152,happy
14155,neutral
14169,happy
14236,happy
14278,happy
14282,happy
14292,happy
14310,happy
14314,happy
14327,fear
14348,happy
14360,happy
14371,happy
14378,happy
14419,fear
14427,happy
14448,happy
14473,happy
14475,happy
14516,happy
14517,angry
14518,neutral
14546,happy
14586,happy
14593,happy
14611,happy
14700,happy
14730,happy
14757,happy
14759,sad
14792,happy
14877,happy
1491,happy
14965,happy
14973,sad
15039,happy
15060,happy
15077,happy
15099,happy
1512,happy
15147,happy
15181,happy
15212,happy
15216,neutral
15221,fear
15229,happy
15257,angry
15269,neutral
15271,happy
15292,happy
15310,happy
15323,happy
15331,happy
15335,happy
1538,happy
15397,happy
15400,happy
15409,happy
15426,neutral
15432,sad
15438,happy
15443,fear
15455,happy
15494,happy
15520,neutral
15523,angry
15589,happy
15616,happy
15621,happy
15677,happy
15708,happy
15758,happy
15767,happy
15791,surprise
15843,happy
15854,happy
15885,fear
15910,happy
15966,angry
15976,happy
15983,neutral
16037,angry
16042,happy
16064,happy
16076,happy
16081,happy
16106,angry
16108,happy
16120,happy
16141,happy
16192,happy
16198,happy
16238,happy
16275,happy
1628,happy
16308,happy
16370,happy
16375,happy
1640,happy
16407,happy
16423,happy
16444,happy
16460,fear
16511,neutral
16550,happy
16562,fear
16583,happy
16588,sad
16596,angry
16604,happy
16611,happy
16619,fear
16633,happy
16649,happy
16667,happy
16699,happy
167,happy
1670,happy
16700,happy
16712,fear
16734,happy
16738,happy
16751,angry
16752,angry
16759,neutral
16770,happy
16795,happy
16799,happy
16809,happy
16818,happy
16952,happy
16967,happy
16971,fear
1699,happy
17002,surprise
17007,neutral
17010,neutral
17021,sad
17022,happy
17032,happy
1704,happy
17041,happy
1707,happy
17098,happy
17104,surprise
17117,happy
17188,happy
17194,happy
17207,happy
17220,happy
17319,happy
17367,happy
17381,happy
17397,happy
17402,happy
17447,happy
17462,surprise
17470,surprise
17484,happy
17485,happy
17494,happy
17498,happy
17506,sad
17524,happy
17541,happy
17543,happy
17552,happy
17609,happy
17624,happy
17654,happy
1768,happy
17682,happy
17684,neutral
17692,happy
17694,happy
17698,happy
1770,happy
17715,happy
17772,happy
17799,happy
17802,happy
17821,happy
1787,surprise
17904,happy
1793,happy
17936,happy
18016,happy
18018,happy
18025,happy
18033,happy
18037,happy
18080,happy
18082,happy
1815,happy
18165,happy
18173,happy
18205,happy
18226,neutral
18237,happy
18245,happy
18249,sad
18250,happy
18256,happy
18259,happy
18297,happy
18308,happy
18383,happy
18405,happy
18424,sad
18425,happy
18442,happy
18443,happy
18471,happy
18476,happy
18483,happy
18487,happy
18503,happy
18505,happy
18531,happy
18541,fear
18556,happy
18568,neutral
18578,happy
18655,happy
18662,happy
1869,happy
187,happy
18700,angry
18729,happy
18783,happy
18822,happy
18827,sad
18834,happy
18835,happy
18849,happy
18861,happy
1887,happy
18873,happy
18885,happy
18898,happy
18904,surprise
18930,happy
18944,happy
18948,happy
18952,happy
19008,happy
19012,happy
19025,angry
19056,happy
19062,happy
19063,neutral
19074,angry
19105,happy
19127,fear
19130,fear
19132,happy
19137,neutral
19148,happy
19160,happy
19162,happy
1919,happy
192,surprise
1920,happy
19210,happy
19245,happy
19263,happy
19269,happy
19284,happy
19291,happy
19317,happy
19318,happy
19323,happy
19346,happy
19357,neutral
19370,happy
19377,happy
19378,happy
1938,happy
19398,happy
19402,sad
19438,happy
19449,happy
19478,happy
19492,happy
19496,happy
19499,happy
19514,happy
1953,happy
19536,happy
19548,happy
19568,sad
19589,happy
19597,happy
196,happy
19600,happy
19605,angry
19668,happy
19680,happy
19696,happy
19700,happy
19709,happy
19711,surprise
1974,happy
19744,fear
19747,angry
19748,happy
19768,happy
19803,fear
19837,happy
19883,happy
19889,happy
19918,happy
19957,happy
19958,happy
19962,happy
19968,happy
2001,happy
20023,happy
20025,happy
20032,angry
20039,happy
20048,happy
20091,happy
20111,happy
2012,happy
20120,happy
20122,happy
20140,happy
20155,neutral
20165,happy
20181,sad
20196,happy
20208,sad
20213,happy
20216,surprise
20218,happy
20229,happy
20239,fear
20252,happy
20267,happy
20285,happy
20296,sad
20318,happy
20355,happy
20365,happy
20371,fear
20377,happy
20412,happy
20430,happy
20445,happy
20490,happy
20500,happy
20507,happy
20519,happy
20547,happy
20561,happy
20567,happy
2058,happy
20580,happy
20595,happy
20616,happy
2064,happy
20666,happy
20675,neutral
20684,neutral
20685,happy
2069,happy
20745,happy
20821,happy
20829,happy
20850,happy
20857,happy
20865,happy
20866,happy
20889,happy
20918,happy
20941,happy
20945,happy
20949,happy
20958,happy
20972,fear
20984,happy
20988,happy
20994,neutral
210,happy
21006,sad
21027,happy
21033,happy
21077,angry
21097,happy
21098,happy
21120,happy
21143,neutral
21177,happy
21185,happy
2120,surprise
21200,happy
2122,happy
21235,neutral
21292,happy
213,happy
21305,happy
21316,happy
21348,happy
2135,happy
2137,happy
21376,happy
21384,happy
21394,happy
21439,neutral
21441,happy
21460,happy
21473,happy
21483,happy
21501,angry
2152,sad
21524,happy
21538,happy
21574,happy
2159,happy
21593,happy
21602,happy
21605,happy
21618,happy
21699,happy
21708,happy
21750,happy
21778,neutral
21783,happy
21787,happy
2182,happy
21825,neutral
21835,happy
2184,happy
21846,happy
21876,happy
21899,happy
21927,neutral
21942,happy
21943,happy
21961,happy
21990,neutral
2204,happy
22056,fear
22064,neutral
22080,happy
22097,happy
22111,neutral
22138,happy
22140,happy
22150,happy
22154,happy
22178,happy
22179,happy
22191,happy
22194,happy
22201,angry
22247,happy
22289,sad
22290,happy
22301,angry
2231,happy
22340,happy
22346,happy
22347,happy
22351,angry
22380,happy
22388,happy
22395,happy
22424,happy
22459,happy
22466,happy
22506,sad
22532,happy
22545,happy
22560,happy
22574,happy
22600,happy
22604,neutral
22612,happy
22614,happy
22671,neutral
22679,happy
22711,happy
22750,happy
22754,angry
22763,happy
22778,happy
22784,happy
22804,happy
22805,happy
2282,happy
22834,happy
2284,happy
22863,fear
2287,happy
22894,happy
22900,happy
22910,angry
2293,happy
22935,happy
22991,happy
23028,angry
2305,happy
2307,happy
2308,happy
23096,happy
23101,happy
23114,happy
23122,happy
23170,happy
23238,happy
2324,happy
2327,happy
23293,happy
23319,happy
23320,sad
23321,happy
23334,happy
23377,happy
23380,happy
23381,happy
23419,happy
23440,happy
23453,happy
23462,sad
2350,angry
23501,happy
23525,happy
23555,happy
23559,fear
23572,happy
23590,happy
23612,neutral
23621,happy
23664,happy
23667,happy
2374,happy
2377,happy
23770,angry
23786,neutral
23801,happy
23813,happy
23848,happy
23862,happy
23865,neutral
23866,happy
23891,happy
23897,happy
23920,happy
23933,happy
23946,happy
24027,happy
2403,sad
24054,fear
24055,happy
24077,angry
24079,happy
24099,neutral
2411,sad
24123,happy
24137,happy
24148,happy
24161,happy
24189,neutral
24200,happy
2421,happy
24211,happy
24219,happy
24224,happy
2424,happy
24241,happy
24259,happy
24263,neutral
24286,happy
24289,happy
24292,happy
24297,happy
24299,happy
24340,happy
24354,happy
24355,fear
2436,angry
24360,happy
24380,happy
24390,happy
24391,happy
24393,happy
24395,happy
24410,sad
24465,happy
24492,happy
2450,happy
24509,happy
24521,happy
24530,happy
24535,angry
24536,happy
24570,neutral
24607,happy
24633,happy
24652,happy
24656,happy
24680,neutral
24692,sad
24699,happy
247,happy
24718,happy
2472,happy
24731,angry
24747,happy
24764,happy
24769,happy
24777,happy
24783,happy
24823,neutral
2483,happy
24845,happy
24884,fear
24906,happy
24910,happy
2492,neutral
24942,happy
24946,happy
25006,happy
25017,happy
25028,happy
25037,happy
25039,happy
25048,angry
25058,neutral
25123,neutral
25163,happy
25180,neutral
25186,happy
25199,happy
25223,sad
25271,happy
25275,neutral
25287,fear
25322,happy
25328,happy
25337,happy
25342,happy
25383,angry
25396,neutral
25414,happy
25420,happy
25431,happy
25438,angry
25443,happy
25454,fear
25472,happy
25517,happy
25533,happy
2554,neutral
2556,happy
25578,happy
2559,happy
25602,happy
25604,happy
25649,happy
25652,happy
25658,happy
25686,happy
25705,happy
25714,happy
25719,surprise
25720,happy
25744,happy
25747,happy
25759,happy
25775,happy
25809,happy
25839,happy
25887,happy
25902,happy
25927,fear
25937,happy
25949,neutral
25993,happy
26018,happy
2603,sad
26032,happy
26034,happy
26046,angry
26077,happy
26098,happy
26107,angry
2611,happy
26159,happy
26160,happy
26169,happy
2620,happy
26212,happy
26224,happy
2629,happy
26338,happy
26370,happy
26397,happy
2640,happy
26456,happy
26459,happy
26468,happy
26477,happy
2649,happy
26511,happy
2655,happy
26563,happy
26578,happy
26660,happy
26665,happy
26667,surprise
26676,happy
26703,happy
26720,fear
26736,happy
26775,happy
2678,angry
26819,happy
26840,happy
26850,fear
26873,happy
26888,happy
26891,happy
26906,happy
26909,happy
26913,happy
26935,happy
26960,happy
26963,happy
26967,happy
26978,happy
26981,happy
27048,happy
27051,happy
27105,neutral
27106,happy
27128,happy
27140,happy
27152,happy
27162,happy
27172,happy
27187,happy
27196,sad
27197,happy
27204,neutral
27212,happy
27227,happy
27246,happy
27277,happy
27294,happy
2730,happy
27326,happy
27333,happy
27334,happy
27365,happy
27367,happy
27404,happy
27407,fear
27426,happy
27446,happy
2745,happy
27452,happy
27474,happy
27508,happy
2754,happy
27554,neutral
27563,happy
27575,happy
27616,neutral
27619,happy
27625,happy
27636,happy
27645,happy
27647,happy
27648,happy
27662,neutral
27671,happy
27675,happy
27701,happy
2771,happy
2774,happy
27779,fear
27823,happy
27854,happy
2790,happy
27928,happy
27931,happy
27932,happy
27940,happy
27944,neutral
27949,happy
2796,happy
28040,happy
28046,neutral
2805,happy
2806,angry
2810,happy
28105,happy
28108,angry
28115,happy
28138,happy
28140,happy
2816,happy
2820,happy
28249,happy
28256,happy
28264,happy
28273,happy
28282,happy
28367,angry
28376,happy
28379,happy
28383,happy
28415,neutral
28474,happy
28502,happy
28522,happy
28529,happy
2857,happy
28581,happy
28590,happy
28594,happy
28600,happy
2861,happy
28632,happy
2867,happy
28676,happy
28688,angry
28772,surprise
28797,happy
28807,happy
28814,happy
2885,happy
28871,happy
28897,angry
28928,happy
28934,happy
28938,happy
28949,happy
28954,happy
28955,happy
28962,happy
28963,happy
28982,happy
29003,happy
29019,happy
29020,angry
29067,happy
29071,neutral
29074,happy
29111,happy
29123,happy
2913,happy
29185,happy
29211,happy
29214,sad
29248,sad
29258,surprise
29290,sad
2930,happy
29300,happy
29329,happy
29365,happy
29370,happy
2938,happy
29398,happy
29415,happy
29423,neutral
29456,happy
29460,happy
29464,angry
29467,happy
29475,sad
2948,happy
29504,happy
29555,happy
29578,happy
29589,happy
29645,happy
29647,happy
29648,happy
29649,happy
2965,happy
29680,happy
29697,happy
29699,neutral
29707,angry
29724,neutral
29766,angry
29769,happy
29773,happy
29821,happy
29834,happy
29844,fear
2985,happy
29889,happy
29919,happy
29979,happy
29981,happy
29987,happy
29991,happy
30,happy
30006,happy
30016,happy
30069,happy
30099,happy
3010,happy
30102,happy
30114,happy
30119,happy
30127,happy
30143,sad
3016,happy
30164,happy
30188,happy
30193,happy
30216,happy
3022,happy
30221,happy
3024,happy
30241,happy
30245,happy
3029,happy
30297,neutral
30328,happy
30332,happy
30337,happy
30338,happy
30341,happy
30400,happy
30407,happy
30424,happy
30478,happy
30585,happy
30646,happy
30651,happy
30652,happy
30661,happy
30675,happy
30683,happy
30689,happy
3069,happy
30704,angry
30728,happy
30737,happy
30738,fear
30749,happy
3077,happy
30772,happy
30779,happy
30793,surprise
30808,neutral
30820,happy
30822,happy
30823,happy
30825,happy
3083,happy
30830,happy
30835,happy
30851,happy
30855,happy
30856,neutral
3086,happy
30871,happy
30893,angry
30909,sad
30948,happy
30951,happy
30961,happy
30962,happy
30965,neutral
30981,neutral
31010,happy
31029,angry
31043,happy
31056,happy
3106,happy
31080,happy
31101,happy
31112,neutral
31137,happy
31140,happy
31141,happy
31145,happy
3117,happy
3120,happy
31209,happy
31239,happy
31285,happy
31295,happy
3131,happy
31316,happy
3132,happy
31366,happy
3138,happy
31384,happy
3144,happy
31440,happy
3146,happy
31542,happy
31551,happy
31571,happy
31572,happy
3162,happy
31627,fear
31629,happy
31659,sad
31697,fear
31742,happy
31752,happy
31806,happy
31811,happy
3182,fear
31833,happy
31853,happy
31858,happy
31870,happy
31897,happy
31908,happy
31929,surprise
31952,happy
31977,happy
31987,happy
32046,happy
32047,happy
32048,happy
32051,angry
3209,happy
32142,happy
32144,happy
3215,sad
32177,happy
32248,happy
32344,happy
32354,happy
32372,happy
32377,happy
32382,happy
32388,happy
32402,happy
32439,happy
3245,fear
325,happy
3250,happy
32541,happy
32544,happy
32568,happy
32570,surprise
32574,happy
32595,happy
3260,happy
32607,happy
32614,happy
32624,surprise
32627,happy
32684,surprise
32725,happy
32763,happy
32769,happy
32773,happy
3278,happy
32796,happy
32826,happy
32835,happy
32837,happy
32838,happy
32849,neutral
32913,happy
32917,happy
32950,happy
32952,happy
32953,happy
32958,sad
32973,happy
32993,happy
32997,happy
32998,happy
33016,neutral
33017,happy
33024,happy
33046,happy
33065,sad
33066,angry
33071,angry
33084,happy
33091,happy
33094,happy
331,happy
3313,happy
33144,happy
33174,happy
33175,happy
3318,angry
33188,happy
33212,happy
33216,happy
33228,happy
33231,neutral
33240,sad
33268,angry
33283,happy
333,happy
33319,happy
33320,neutral
33322,happy
33326,surprise
33343,neutral
33357,happy
33366,happy
33375,happy
33407,happy
33423,happy
33455,fear
33460,happy
33463,happy
33518,happy
33525,happy
33530,happy
33533,happy
33544,happy
33564,neutral
33610,happy
33648,sad
33660,happy
33675,happy
33690,happy
33727,happy
33757,happy
33762,angry
33802,happy
33807,neutral
33842,happy
33853,happy
33874,happy
33915,happy
33917,happy
33933,happy
33938,happy
33981,happy
34015,happy
34049,happy
34057,happy
34098,happy
3410,neutral
34102,happy
3411,fear
34119,happy
34129,happy
3414,happy
34170,happy
34219,happy
3422,happy
34226,happy
34234,happy
34244,happy
34257,happy
34295,happy
34302,happy
3431,happy
34316,happy
34361,happy
34375,happy
34386,happy
34397,angry
34412,happy
34435,happy
34437,happy
34464,happy
34468,happy
3447,fear
34471,fear
34483,happy
34498,happy
34510,happy
3452,happy
34567,happy
34569,angry
34585,happy
34599,happy
34600,happy
34644,neutral
34645,happy
34649,happy
3465,happy
34688,angry
34720,happy
34724,happy
34737,happy
34753,happy
34756,surprise
34759,happy
34761,happy
34768,fear
34772,happy
34829,happy
34836,angry
34840,happy
34841,happy
34861,happy
34941,angry
34965,happy
34969,happy
34978,neutral
35101,angry
35117,happy
35142,happy
35153,happy
35163,happy
35177,angry
35199,happy
35200,happy
35209,happy
35226,neutral
35291,happy
35321,neutral
35341,sad
35346,happy
35364,happy
35369,happy
35370,happy
35372,happy
3538,happy
3543,fear
35454,happy
35481,happy
35497,happy
35520,neutral
35536,happy
35547,happy
35552,happy
35559,happy
35582,happy
35598,happy
356,happy
35603,happy
35659,fear
35664,happy
35677,happy
35685,neutral
35698,happy
3570,happy
35707,neutral
35721,angry
35724,happy
3574,fear
35767,happy
35771,happy
35787,sad
35792,happy
35794,happy
35804,happy
35850,happy
35856,happy
35860,happy
35869,happy
3590,happy
3647,happy
366,happy
3662,happy
3663,happy
370,happy
3755,surprise
3763,happy
3766,happy
3772,neutral
3811,happy
3818,happy
3842,happy
3875,happy
3891,angry
3906,happy
3958,angry
3959,sad
3969,happy
3977,fear
3978,happy
3982,surprise
4029,happy
4041,happy
4084,happy
4090,happy
4094,happy
41,surprise
4107,happy
4114,angry
4133,fear
4156,angry
4159,happy
4165,happy
4169,happy
4174,happy
4182,happy
4185,fear
4226,neutral
4248,happy
4264,happy
4269,happy
4284,happy
4295,neutral
4345,surprise
4363,happy
4366,angry
440,happy
4433,happy
446,angry
4480,happy
4485,happy
4492,happy
4506,happy
4526,happy
4549,angry
4558,happy
4576,happy
4580,angry
4589,happy
4606,happy
4607,happy
4620,happy
4634,happy
4640,happy
4649,happy
4653,happy
4666,neutral
478,fear
4786,happy
4791,fear
4797,surprise
4803,happy
4814,happy
4827,happy
4832,happy
4849,happy
485,happy
487,happy
4910,happy
4948,sad
4980,happy
4988,happy
4996,happy
5006,happy
5008,happy
5048,happy
5062,happy
5089,happy
5102,happy
5127,happy
5154,neutral
5176,happy
5209,happy
5264,happy
5269,happy
527,happy
5278,happy
5279,happy
5289,happy
5293,angry
5303,happy
531,neutral
5318,happy
5340,happy
5356,happy
5417,happy
5445,happy
5452,happy
5468,happy
5477,happy
5490,happy
5493,happy
5523,happy
553,fear
5548,happy
5558,neutral
5594,happy
5618,happy
5674,happy
568,happy
5694,happy
5705,happy
5714,happy
5719,happy
5753,happy
5766,neutral
5783,happy
5797,happy
5800,happy
5807,happy
5812,happy
5835,happy
5857,happy
5891,happy
5904,happy
5919,happy
594,happy
5942,happy
5954,happy
5968,happy
5977,neutral
5988,happy
6029,happy
6045,happy
6052,happy
6095,happy
6110,happy
6123,happy
613,neutral
6136,happy
6169,happy
6175,happy
6183,neutral
62,happy
620,happy
6206,neutral
6217,happy
6246,happy
6272,happy
628,neutral
629,happy
6368,happy
6378,happy
639,sad
6394,happy
6403,happy
6416,happy
6444,happy
6457,happy
6473,happy
6500,happy
6522,happy
6532,sad
655,happy
657,happy
6577,happy
659,happy
6603,surprise
6616,angry
6677,angry
6686,happy
6689,happy
6691,happy
6700,happy
6703,fear
674,happy
6744,fear
6759,happy
6776,happy
6784,happy
6792,fear
681,sad
6811,happy
6818,happy
6865,happy
690,happy
6914,happy
6928,surprise
693,angry
6935,happy
6977,happy
6989,happy
7017,happy
7020,happy
7026,happy
7029,sad
7065,happy
7080,happy
7100,surprise
7116,happy
7159,happy
7162,happy
7191,happy
7200,happy
721,happy
7244,happy
7245,happy
7292,sad
7299,happy
7333,happy
7335,happy
7366,happy
7379,fear
738,happy
7392,happy
7413,happy
7425,sad
7441,happy
7511,angry
7531,happy
7532,happy
7537,angry
7548,happy
7561,happy
7590,happy
7603,happy
7659,angry
7664,happy
7672,happy
7674,happy
7680,happy
7700,happy
7702,happy
7712,happy
7713,happy
7737,happy
774,surprise
7753,happy
7762,happy
7804,happy
7813,happy
7815,happy
7827,happy
7845,happy
7881,happy
7892,angry
7905,happy
7916,angry
7948,happy
7975,happy
7986,happy
8,happy
80,happy
8020,sad
8027,neutral
8034,happy
8049,happy
8065,happy
8082,happy
8086,happy
8089,happy
817,happy
8188,happy
8228,happy
8268,happy
8276,happy
8284,happy
8293,angry
8301,happy
8303,happy
8316,happy
8322,angry
8331,happy
8334,happy
8338,happy
8355,happy
8424,happy
8434,angry
8449,happy
8457,happy
8473,happy
8539,happy
8548,happy
8559,happy
856,happy
8649,neutral
8657,fear
8662,happy
8677,happy
8682,happy
8691,angry
8704,happy
873,happy
8753,happy
8756,neutral
8762,happy
880,fear
8820,happy
8861,happy
8864,happy
8886,fear
8915,happy
8940,happy
895,neutral
8960,happy
897,happy
898,happy
8993,happy
9005,happy
906,happy
9060,happy
9070,happy
9071,happy
9085,happy
9094,happy
9147,happy
915,sad
9152,happy
9167,happy
9174,happy
9180,happy
9202,happy
9206,happy
9222,fear
9246,sad
9272,happy
9286,happy
9371,happy
9392,happy
9412,happy
9416,happy
942,happy
9437,happy
9442,happy
9476,happy
9486,happy
951,happy
9538,happy
9542,angry
9570,happy
9571,happy
9598,sad
9599,happy
9605,happy
9640,happy
9687,happy
973,happy
9774,happy
9800,happy
9833,happy
9845,happy
9865,angry
9890,happy
9893,happy
9897,happy
9901,sad
9933,happy
9977,happy
9979,happy
9984,neutral
10033,neutral
10048,fear
10068,neutral
10117,surprise
10118,sad
10134,neutral
10150,happy
10247,neutral
10266,neutral
10346,angry
10406,neutral
1045,happy
10512,neutral
10518,neutral
10533,happy
10535,angry
10549,fear
10624,neutral
10634,fear
10653,neutral
10676,fear
10693,neutral
10715,angry
10741,neutral
10774,neutral
10787,angry
10902,neutral
10906,neutral
10916,angry
10926,neutral
1093,neutral
1094,angry
1101,sad
11022,neutral
11032,surprise
11034,neutral
11038,fear
11055,happy
11065,neutral
11098,neutral
11108,fear
11130,neutral
11168,neutral
11180,happy
112,neutral
11213,neutral
11218,angry
11233,neutral
11251,neutral
1126,happy
11269,neutral
11277,sad
11278,sad
11317,neutral
11358,neutral
11390,sad
11395,fear
1142,neutral
11448,happy
11462,happy
11491,fear
11518,neutral
11560,sad
11603,neutral
11654,neutral
11660,happy
11686,neutral
11689,neutral
11725,angry
11738,angry
11783,neutral
11818,neutral
11823,angry
11834,neutral
11872,neutral
11875,sad
11889,neutral
1189,neutral
11913,angry
11928,neutral
11977,happy
12042,neutral
1206,angry
12090,happy
12096,neutral
12100,fear
12106,surprise
12116,neutral
12117,neutral
12162,happy
12173,neutral
1220,neutral
12202,sad
12215,fear
1222,surprise
1227,neutral
12272,neutral
12289,angry
12319,surprise
12361,neutral
12363,angry
12366,fear
12407,fear
12423,neutral
1248,sad
12500,happy
12508,fear
12519,fear
12569,neutral
12647,surprise
12801,surprise
12852,sad
12869,neutral
12879,surprise
12885,happy
12933,neutral
12976,neutral
1300,neutral
13047,angry
1313,happy
13161,sad
13164,neutral
13188,neutral
13212,happy
13237,surprise
13242,fear
1328,fear
13337,angry
1336,neutral
1339,neutral
13409,fear
13411,neutral
13424,angry
13430,neutral
13433,angry
13441,neutral
13467,fear
13498,neutral
135,angry
13531,sad
13586,angry
13603,sad
13619,neutral
13633,sad
13644,neutral
13653,sad
13670,neutral
13692,neutral
13695,sad
13800,angry
13808,angry
13825,surprise
13834,happy
13843,neutral
13897,neutral
13909,sad
14047,happy
1407,neutral
1411,happy
14113,happy
14135,sad
14154,neutral
14170,happy
14174,happy
14175,fear
14187,angry
14190,fear
14224,happy
14342,neutral
14352,neutral
14362,angry
14406,neutral
14436,neutral
14481,angry
14487,neutral
14495,surprise
14496,neutral
14513,neutral
14542,neutral
14550,fear
14564,neutral
14641,fear
14645,happy
14671,surprise
14703,neutral
14717,neutral
14741,neutral
14859,neutral
14867,fear
14929,neutral
1493,happy
14957,surprise
14980,neutral
15007,neutral
15013,fear
15044,angry
15070,neutral
15102,neutral
15106,angry
15120,neutral
15121,neutral
15132,fear
15168,neutral
15193,neutral
15207,happy
15210,sad
15220,neutral
15248,neutral
15293,sad
15333,neutral
15334,neutral
15350,fear
15366,neutral
15387,neutral
15405,angry
15441,fear
15445,neutral
15459,sad
15529,neutral
15536,neutral
15568,neutral
15570,happy
15611,angry
15634,surprise
15638,fear
15651,fear
15686,happy
15713,neutral
15716,sad
15717,sad
1572,fear
15721,angry
15824,neutral
15847,neutral
15890,happy
15904,sad
15932,sad
15963,angry
16019,neutral
16094,angry
16101,neutral
16143,fear
16196,neutral
16257,angry
16324,neutral
16329,neutral
16350,neutral
16363,fear
16389,surprise
16419,neutral
16463,angry
16464,angry
16476,surprise
16478,sad
16508,fear
1656,neutral
16569,neutral
16570,neutral
16575,neutral
16685,surprise
1669,neutral
16696,fear
16714,neutral
1675,neutral
16817,neutral
16823,neutral
1683,angry
16845,neutral
1685,angry
16860,neutral
1688,neutral
16890,neutral
16964,happy
16969,angry
16989,neutral
17015,neutral
17018,neutral
17028,neutral
17131,neutral
1716,happy
17163,neutral
17212,neutral
17231,neutral
17251,happy
17267,neutral
17273,neutral
17276,neutral
17295,angry
17318,neutral
17345,angry
17359,neutral
1737,neutral
1738,surprise
17417,neutral
17424,angry
17538,angry
17555,happy
17563,neutral
17582,angry
1759,angry
17598,angry
17695,angry
17702,happy
17790,fear
17815,neutral
17837,neutral
1785,fear
17886,fear
17973,neutral
17980,fear
18035,neutral
18130,angry
18168,angry
18181,neutral
1819,neutral
18208,angry
18223,angry
18281,angry
18288,neutral
1830,fear
18301,neutral
18312,neutral
18321,angry
18339,neutral
1835,happy
18388,neutral
18389,neutral
18431,surprise
18469,sad
18497,neutral
18545,neutral
18554,neutral
18658,neutral
18687,fear
18703,happy
18708,neutral
18725,fear
1874,happy
18778,fear
18791,neutral
18803,neutral
18825,neutral
18909,surprise
1892,angry
18926,neutral
1897,neutral
18973,happy
18986,sad
19009,sad
19131,surprise
19181,happy
19204,neutral
19214,neutral
19234,surprise
19259,happy
19329,fear
19340,happy
19373,neutral
19390,neutral
19411,neutral
19435,sad
19495,fear
19533,neutral
19549,happy
19571,neutral
19581,neutral
19590,neutral
19591,neutral
19609,neutral
19615,neutral
19643,neutral
1972,neutral
19793,happy
19797,neutral
19829,sad
19855,sad
19863,neutral
1988,angry
19953,neutral
19983,neutral
19993,happy
20008,neutral
20019,happy
20028,neutral
20036,surprise
201,neutral
20150,neutral
20157,neutral
2019,happy
20223,angry
20257,neutral
20272,neutral
20274,angry
20289,neutral
20360,angry
20372,neutral
20416,neutral
20432,sad
2044,neutral
20514,neutral
20517,neutral
2053,angry
20549,sad
20588,sad
20603,surprise
20621,neutral
20665,neutral
20670,angry
2068,neutral
20680,sad
20737,happy
20814,sad
20833,neutral
20856,neutral
20875,neutral
20892,happy
20893,angry
20933,happy
20948,angry
21025,fear
21030,angry
21092,happy
21104,neutral
21150,angry
21166,angry
21167,surprise
21199,neutral
21210,fear
21265,surprise
21311,neutral
21314,neutral
2133,happy
21337,neutral
21351,neutral
21377,neutral
21386,angry
21393,sad
21404,happy
21451,neutral
21455,fear
21470,fear
21475,fear
2149,neutral
21557,neutral
2156,neutral
21589,neutral
21638,angry
21658,sad
21663,happy
21695,neutral
217,happy
2172,happy
21730,angry
21752,fear
21794,neutral
21812,sad
21817,sad
21822,neutral
21852,surprise
21862,neutral
21880,sad
21962,neutral
21971,neutral
22023,neutral
22028,neutral
2207,neutral
22088,neutral
22091,sad
22095,neutral
22123,neutral
2216,neutral
2223,happy
22267,neutral
2227,neutral
22292,neutral
22325,neutral
22336,neutral
22354,neutral
22357,fear
22403,neutral
22410,neutral
22442,neutral
22457,neutral
22482,neutral
22508,fear
22517,fear
22571,angry
22576,neutral
22587,neutral
22617,angry
22627,angry
22655,neutral
22688,neutral
22691,happy
22720,neutral
2273,sad
22774,neutral
22787,fear
2279,neutral
22820,neutral
22867,neutral
22886,neutral
22916,surprise
22924,neutral
22974,sad
22987,angry
22992,neutral
23012,fear
2303,sad
23039,neutral
23057,neutral
23103,neutral
23119,neutral
23167,happy
23172,surprise
23186,neutral
23204,neutral
23216,happy
23224,angry
23244,neutral
23272,happy
23291,neutral
23343,neutral
23348,sad
23396,neutral
23457,neutral
23470,happy
23487,neutral
23565,neutral
23609,neutral
23623,angry
23634,neutral
23666,neutral
23691,happy
23722,neutral
23725,angry
23741,happy
23794,fear
23858,neutral
23869,neutral
23929,sad
24003,fear
24051,fear
24065,happy
24101,neutral
24104,neutral
24105,neutral
24156,neutral
24175,angry
24182,angry
24187,neutral
24232,sad
2427,surprise
24347,neutral
24358,neutral
2443,happy
24443,neutral
24531,happy
24573,neutral
24575,happy
2458,happy
24725,neutral
24768,neutral
24774,angry
24779,neutral
24785,neutral
24798,happy
24815,happy
24820,angry
24877,neutral
24912,neutral
24931,fear
24962,neutral
24964,happy
25007,happy
25018,fear
25021,sad
25078,neutral
25089,neutral
25099,sad
2510,neutral
25151,neutral
25295,neutral
25318,sad
2535,neutral
25372,surprise
25391,neutral
25401,neutral
25409,fear
25451,neutral
25497,neutral
25507,neutral
25520,angry
25537,neutral
25573,happy
25593,surprise
25615,neutral
25627,happy
25635,sad
2564,neutral
25668,fear
25678,neutral
25682,neutral
25685,neutral
25695,neutral
25701,sad
25723,fear
25743,neutral
25773,neutral
25797,neutral
25800,surprise
25810,fear
25818,angry
25841,sad
2588,neutral
25895,sad
25915,neutral
25919,neutral
25969,sad
25978,surprise
25979,angry
25994,neutral
26016,happy
26023,happy
26041,angry
26049,neutral
26056,happy
26067,neutral
26069,neutral
26081,fear
2613,neutral
26134,angry
26161,neutral
26187,sad
26190,neutral
26192,surprise
26200,neutral
26209,neutral
26223,neutral
26227,neutral
26237,neutral
26318,neutral
26364,neutral
26411,happy
26453,sad
26464,neutral
26495,fear
26539,neutral
26647,neutral
26654,neutral
26682,sad
26715,surprise
26767,happy
2677,neutral
26771,angry
26833,angry
26839,fear
26851,neutral
26892,happy
26901,fear
26961,angry
2699,neutral
2710,neutral
27115,happy
27190,happy
27218,neutral
27229,happy
2727,neutral
27299,sad
273,sad
27306,neutral
27329,neutral
27405,fear
27465,neutral
2747,neutral
2750,neutral
2753,angry
27533,happy
27594,neutral
27597,neutral
2761,fear
27642,sad
27646,neutral
27650,neutral
27683,neutral
27692,neutral
27752,happy
27767,neutral
27864,neutral
2792,neutral
27985,neutral
27995,happy
28005,fear
28007,happy
28014,angry
28025,neutral
28084,angry
28153,surprise
28235,fear
28251,angry
28269,happy
28278,happy
2829,neutral
28298,neutral
28359,angry
28471,neutral
28478,neutral
28480,neutral
28493,fear
28499,fear
28507,surprise
28517,sad
28531,angry
28535,happy
28539,sad
28546,neutral
28549,angry
28642,happy
28681,surprise
2871,neutral
28723,neutral
28769,neutral
28782,happy
28836,neutral
28842,happy
28846,happy
28854,angry
28951,neutral
29009,happy
2901,neutral
29099,fear
29129,neutral
2914,surprise
29216,fear
29246,happy
29256,sad
29311,sad
29324,neutral
29388,neutral
29403,fear
29428,surprise
29438,neutral
29484,surprise
29500,fear
29505,neutral
29525,happy
2953,angry
29556,sad
29559,sad
2957,neutral
29608,neutral
29609,angry
2962,happy
29637,neutral
29664,happy
29694,sad
29758,angry
2978,neutral
29794,neutral
2984,neutral
29840,neutral
29848,neutral
29893,neutral
29916,neutral
29921,neutral
29944,fear
2995,angry
2998,fear
30053,sad
30121,sad
30167,neutral
30197,angry
30220,happy
30345,neutral
30346,neutral
30371,sad
30374,surprise
30422,neutral
3050,neutral
3051,neutral
30530,sad
30543,sad
30546,happy
30581,neutral
30713,neutral
30786,fear
30850,neutral
30976,neutral
31057,happy
31123,neutral
31132,fear
31139,neutral
3115,neutral
31164,neutral
31189,neutral
3123,angry
31240,neutral
31257,angry
31263,neutral
31307,neutral
31332,neutral
31347,neutral
31371,neutral
31373,neutral
31478,fear
31483,angry
31486,angry
31546,angry
31561,neutral
31591,neutral
31713,angry
3174,neutral
31774,neutral
31820,happy
31869,sad
3191,neutral
31949,neutral
31997,sad
3204,neutral
32071,angry
32081,fear
3221,neutral
32216,neutral
32321,neutral
32330,neutral
32355,sad
32360,neutral
32371,neutral
32391,neutral
32443,neutral
32445,neutral
32467,neutral
3247,fear
32479,neutral
32508,neutral
32516,neutral
32547,neutral
32587,sad
32605,sad
32636,angry
32671,angry
32683,angry
32730,sad
3276,happy
32778,fear
32782,neutral
32792,neutral
32817,neutral
32855,angry
32870,neutral
32905,surprise
32914,fear
32935,happy
32939,neutral
32965,happy
32972,angry
32978,neutral
33005,happy
33013,happy
33022,neutral
33031,fear
33049,neutral
33052,neutral
33100,neutral
33124,fear
33159,neutral
33182,happy
33219,fear
33243,fear
33255,fear
33317,neutral
33346,happy
33381,happy
33399,neutral
33452,neutral
33468,neutral
33471,fear
33514,neutral
33526,neutral
33609,sad
33642,happy
33699,neutral
33710,happy
3375,neutral
33785,angry
33794,neutral
33813,fear
33819,sad
33856,neutral
33858,neutral
33863,neutral
33865,neutral
33870,neutral
33880,neutral
33894,sad
3395,fear
33965,neutral
33999,happy
34037,happy
3404,neutral
34059,neutral
34088,neutral
34093,neutral
34131,sad
34161,neutral
34269,happy
34272,surprise
34279,angry
34308,neutral
34324,neutral
34335,happy
34513,sad
34526,neutral
34530,happy
34539,happy
34555,fear
34598,neutral
34612,neutral
34673,neutral
34685,neutral
34854,neutral
34870,surprise
34875,neutral
34920,neutral
34979,neutral
3502,neutral
35034,angry
35075,angry
35108,happy
35129,neutral
35183,sad
35216,neutral
35229,fear
35241,neutral
35255,happy
35267,neutral
35332,happy
3535,sad
35356,angry
3537,angry
35400,neutral
35408,neutral
35484,surprise
35546,neutral
35576,neutral
35628,neutral
35657,neutral
3566,neutral
35704,angry
3575,angry
35754,happy
35755,neutral
35764,happy
35775,surprise
35802,angry
35852,neutral
3600,fear
3610,happy
3700,neutral
3729,angry
3792,neutral
3795,happy
3899,angry
3909,neutral
3929,neutral
3932,angry
3953,fear
3986,neutral
405,neutral
4062,neutral
4124,neutral
4137,happy
4194,fear
4223,sad
4242,surprise
4314,angry
4328,neutral
4339,neutral
4372,happy
4380,neutral
4394,happy
44,neutral
4443,neutral
4449,neutral
449,surprise
4552,angry
4553,happy
4563,neutral
4573,neutral
4574,neutral
4672,sad
4748,neutral
4752,sad
4770,neutral
4777,neutral
4802,neutral
4825,happy
4829,surprise
4868,neutral
4870,happy
4883,neutral
4888,angry
4935,happy
4953,angry
4998,sad
5046,fear
5053,neutral
5073,neutral
508,surprise
5087,happy
5110,fear
5116,sad
5170,neutral
5186,neutral
5258,neutral
5267,happy
5323,angry
5345,neutral
5361,neutral
5385,fear
541,neutral
542,neutral
5444,neutral
5446,sad
5449,neutral
547,neutral
551,sad
5527,neutral
5536,neutral
5549,neutral
5561,angry
5591,neutral
5651,neutral
5687,neutral
5695,neutral
5708,neutral
5713,happy
5715,neutral
5724,neutral
5748,angry
5749,neutral
5784,neutral
5792,sad
5811,neutral
5831,angry
584,sad
5853,angry
5865,happy
5912,fear
5931,sad
5953,sad
596,angry
5976,sad
5984,neutral
60,angry
601,neutral
6078,neutral
6103,happy
615,sad
6158,neutral
6180,angry
6193,fear
6236,angry
6343,angry
6351,neutral
6388,neutral
6397,neutral
6412,sad
644,neutral
649,neutral
6502,neutral
651,neutral
6527,fear
6599,neutral
662,surprise
6664,neutral
6710,sad
673,neutral
6813,neutral
6836,sad
6842,happy
6869,surprise
6891,neutral
6934,neutral
7008,happy
7009,neutral
7077,angry
7092,neutral
7110,angry
7131,angry
7198,neutral
7220,neutral
7239,surprise
7254,neutral
7273,angry
7274,sad
7348,fear
7361,fear
7376,neutral
7398,neutral
7462,neutral
7466,angry
7490,happy
7551,happy
7571,neutral
7588,neutral
7599,angry
7630,happy
766,angry
767,neutral
7717,neutral
7755,neutral
7765,happy
7772,neutral
7773,neutral
7788,fear
7823,sad
7831,neutral
7871,happy
7903,neutral
7932,neutral
7953,sad
8003,happy
8054,neutral
8076,neutral
8083,fear
8105,neutral
8141,neutral
8179,happy
8211,happy
8216,fear
8233,neutral
8247,neutral
8262,happy
8264,angry
8280,fear
8295,neutral
8347,sad
8352,neutral
8373,neutral
838,neutral
8389,neutral
8392,sad
841,fear
8410,happy
8471,fear
8483,neutral
8498,neutral
8516,fear
8536,neutral
855,neutral
8599,fear
8687,neutral
8694,happy
8724,fear
8763,neutral
8768,happy
8782,happy
8788,angry
8802,fear
8842,sad
8862,fear
8863,fear
8868,neutral
8880,happy
891,neutral
8919,neutral
8946,neutral
8976,neutral
8980,sad
9011,angry
9016,happy
9046,neutral
9050,neutral
9069,angry
9099,neutral
9128,neutral
913,angry
9149,neutral
917,neutral
9170,neutral
9209,sad
9221,sad
9235,neutral
9252,sad
9273,fear
9276,angry
9288,neutral
9292,neutral
9324,happy
9335,neutral
9355,fear
9356,neutral
9360,happy
9381,sad
9415,neutral
9420,neutral
9434,neutral
9453,neutral
9473,happy
9477,neutral
9507,happy
9543,fear
9611,fear
9701,surprise
9712,neutral
9718,neutral
9773,neutral
9803,neutral
9838,sad
9867,neutral
9874,neutral
9936,fear
9975,happy
9982,angry
9993,neutral
10004,sad
1003,angry
10031,neutral
10073,surprise
10114,fear
10116,surprise
10171,angry
10172,fear
10176,happy
1022,happy
10252,neutral
1026,angry
10339,sad
10352,sad
10375,happy
10383,fear
10386,fear
10423,angry
10425,angry
10455,sad
10561,fear
10607,angry
10620,fear
10655,surprise
10686,neutral
10694,neutral
10713,angry
10769,angry
1078,angry
10871,neutral
10881,neutral
10919,fear
11025,fear
11026,fear
11031,sad
11100,happy
11138,fear
11140,happy
11163,fear
11192,fear
11209,fear
11234,sad
11241,happy
11264,neutral
11280,sad
11284,sad
11295,happy
11316,neutral
11346,happy
11398,sad
1148,sad
115,sad
11523,fear
1156,surprise
11581,sad
11582,sad
11601,happy
11626,angry
11640,happy
11662,neutral
11722,happy
1173,sad
11746,sad
11790,sad
11794,sad
11836,fear
11867,happy
11876,sad
11880,neutral
11891,sad
11909,angry
11966,neutral
11978,sad
1198,neutral
12040,sad
12074,sad
12092,angry
12113,fear
12119,fear
12190,sad
12246,neutral
12267,happy
12318,fear
12364,sad
12498,sad
12512,neutral
12524,happy
12547,sad
12591,neutral
12594,neutral
12621,sad
1264,happy
12648,sad
12659,fear
12661,sad
12702,sad
12758,sad
12791,neutral
12818,neutral
12827,sad
12899,sad
12958,neutral
1298,neutral
13000,angry
13027,sad
13051,fear
13091,sad
13150,surprise
13162,neutral
13180,sad
13187,sad
13293,fear
13296,sad
13339,sad
13380,neutral
13421,neutral
13483,sad
13488,neutral
13505,happy
13510,neutral
1353,sad
13562,sad
13575,fear
13598,angry
13631,neutral
1364,happy
13666,sad
13714,fear
13726,sad
13793,neutral
13801,angry
13812,sad
13852,angry
13870,fear
13888,sad
13907,sad
13940,fear
13979,happy
13983,neutral
14048,sad
14070,neutral
14106,neutral
14122,surprise
14127,fear
14136,sad
1420,sad
14208,angry
14226,angry
14250,neutral
14346,angry
14384,sad
14388,neutral
14459,fear
14464,fear
14472,sad
14474,fear
14484,fear
14494,sad
14505,angry
14522,angry
14524,sad
14561,fear
14572,neutral
14574,sad
14578,angry
14682,neutral
14696,fear
14729,angry
1482,neutral
14835,neutral
14836,angry
15052,happy
15078,neutral
15090,sad
15129,sad
15145,neutral
15167,fear
15169,sad
15192,sad
15208,fear
15289,sad
15294,happy
1536,happy
15365,angry
15373,fear
15436,sad
15447,fear
15462,fear
15468,neutral
15484,sad
1549,angry
15534,sad
15535,sad
15565,sad
15580,fear
15592,happy
1560,neutral
15613,sad
15642,fear
15657,angry
15696,neutral
15697,sad
15795,neutral
15867,neutral
15909,sad
15929,sad
16003,angry
16010,angry
16053,fear
16056,happy
16075,angry
16087,sad
16125,sad
16151,neutral
16208,sad
16304,fear
16338,angry
16387,fear
16388,neutral
16405,sad
16443,sad
1645,fear
16475,fear
16535,neutral
16558,sad
16645,happy
16706,sad
16710,sad
16776,neutral
1678,fear
16787,neutral
16798,sad
16821,sad
16837,neutral
16839,fear
16863,neutral
16895,sad
16938,sad
16962,neutral
16985,neutral
17003,sad
17011,sad
17100,neutral
17128,sad
172,neutral
17206,angry
17215,angry
17237,surprise
17248,happy
17257,sad
17275,angry
17279,angry
17293,sad
17297,angry
17331,happy
17341,surprise
17363,fear
17426,sad
17432,sad
1751,neutral
17518,neutral
17597,surprise
17607,happy
17625,sad
17662,neutral
17666,neutral
17678,sad
17713,sad
17717,angry
1772,neutral
17730,angry
17746,sad
17763,surprise
17767,sad
17775,neutral
1778,angry
17784,sad
17794,neutral
17887,sad
17912,angry
18047,sad
18067,fear
18101,fear
18120,fear
18180,neutral
18193,fear
18260,angry
18270,angry
18300,neutral
18345,sad
18349,fear
18361,neutral
18367,sad
18381,angry
18457,sad
18475,sad
1854,fear
18550,sad
18573,neutral
18610,fear
18732,sad
18734,sad
18842,neutral
18855,surprise
18872,angry
18888,fear
18897,angry
1891,surprise
18914,neutral
18927,sad
1896,happy
18962,happy
19029,sad
19049,happy
19082,surprise
19084,sad
19095,sad
19145,neutral
19165,neutral
19179,angry
1926,neutral
19274,neutral
19285,fear
19303,sad
1931,sad
19364,neutral
1937,happy
19384,fear
19422,fear
19461,happy
19470,fear
19486,sad
19531,sad
19535,happy
19578,neutral
19607,sad
19663,happy
19674,sad
1973,angry
19731,fear
19785,sad
19799,sad
19861,angry
19864,neutral
19880,neutral
19893,neutral
19934,neutral
19969,surprise
19973,angry
19975,neutral
20,neutral
20072,happy
20073,angry
20104,neutral
20171,angry
20192,fear
20193,neutral
20217,fear
20301,fear
20313,surprise
2039,sad
20395,neutral
20400,neutral
20468,sad
20469,angry
20511,neutral
20560,fear
20563,fear
20589,neutral
20650,happy
20656,sad
20667,angry
20750,fear
2084,angry
20908,neutral
2091,fear
20964,fear
20979,sad
21005,sad
21029,fear
21036,angry
21078,fear
21082,happy
21201,neutral
21221,angry
21249,fear
21275,sad
21282,surprise
21312,neutral
21324,neutral
21428,sad
21434,fear
21531,angry
21535,surprise
21549,fear
2157,neutral
21632,surprise
21666,sad
21681,sad
21715,angry
21720,neutral
2176,sad
21766,sad
21769,sad
21968,angry
21978,angry
21988,sad
22004,fear
22032,happy
22051,neutral
22067,fear
22117,sad
22241,fear
22255,fear
22271,happy
22319,angry
22335,fear
2238,surprise
2239,fear
22390,angry
22416,angry
22419,fear
22448,angry
22449,fear
22452,sad
22521,happy
2256,sad
22602,neutral
22619,angry
22631,neutral
22651,fear
22690,neutral
22704,neutral
22761,angry
22765,happy
22766,neutral
2278,sad
22808,angry
22816,neutral
22937,neutral
22961,sad
22977,angry
22989,angry
23054,happy
23060,sad
231,sad
2312,happy
23220,sad
23297,fear
23304,sad
23341,neutral
23374,happy
23407,neutral
23430,sad
23452,sad
23471,angry
23483,neutral
23507,sad
23542,happy
23549,sad
23562,neutral
23584,fear
23601,sad
23654,angry
23658,sad
2367,neutral
23675,neutral
23700,neutral
23715,sad
23748,sad
23760,fear
23764,neutral
23779,sad
23781,angry
23792,angry
23817,fear
23829,sad
23832,neutral
23853,angry
23884,angry
23901,sad
23905,neutral
23915,neutral
23945,fear
23948,sad
23965,sad
23968,neutral
23978,sad
23991,fear
24013,fear
24057,angry
24066,neutral
24087,sad
2412,angry
24133,angry
24160,neutral
24168,angry
24173,sad
2418,neutral
24183,happy
24217,fear
24239,fear
24247,sad
2431,sad
24329,neutral
24363,sad
24384,neutral
24420,sad
24421,happy
24460,happy
24473,sad
2451,sad
24543,angry
24545,sad
24582,happy
24643,sad
24664,neutral
24736,angry
2476,fear
2478,neutral
2485,sad
24881,sad
24909,neutral
24916,fear
2496,neutral
2499,neutral
2502,neutral
25025,neutral
25055,neutral
25087,fear
25117,fear
25126,fear
25211,surprise
25231,fear
25240,fear
25250,sad
25281,sad
2530,neutral
2533,fear
25330,happy
25348,sad
25351,sad
25356,fear
25379,neutral
25381,neutral
2539,happy
25410,angry
25412,angry
25425,angry
2546,fear
25510,happy
25529,fear
25576,angry
25582,sad
25597,neutral
25632,angry
25643,angry
2565,angry
25819,neutral
25832,fear
25843,angry
25920,sad
25961,fear
25983,fear
25985,fear
26005,neutral
26006,fear
26040,neutral
26079,neutral
2615,fear
26198,happy
26249,neutral
26269,neutral
26270,neutral
26292,neutral
26304,neutral
26313,neutral
26321,sad
2633,sad
26339,happy
26346,happy
2635,angry
26355,angry
26368,happy
26378,fear
26398,angry
26404,neutral
26443,happy
26484,sad
26501,sad
26543,neutral
26566,sad
26573,surprise
26581,sad
26586,fear
26600,sad
26612,neutral
26670,sad
26675,sad
26683,angry
26702,fear
26747,neutral
26772,neutral
26834,angry
2690,happy
26959,fear
26970,sad
27005,sad
27027,sad
27035,sad
27052,sad
27117,neutral
27124,angry
27258,sad
27292,sad
27305,fear
27350,fear
27400,sad
27410,sad
27450,neutral
27461,angry
27471,neutral
2748,sad
2751,sad
27518,sad
27522,sad
27561,sad
27562,neutral
27576,fear
27585,fear
27588,fear
27629,fear
27681,angry
27694,neutral
27719,neutral
27759,sad
27776,angry
27788,sad
27810,neutral
2785,angry
27873,sad
2788,neutral
27887,fear
27913,sad
27948,fear
27993,sad
28053,happy
28073,neutral
28091,sad
28100,happy
28137,fear
28143,sad
28171,sad
28230,sad
28252,surprise
28272,sad
28294,sad
28296,sad
28396,happy
28424,angry
28426,happy
28465,fear
28552,sad
28555,angry
28568,fear
28596,fear
28696,sad
28700,sad
28794,fear
28895,angry
28966,neutral
2902,angry
29058,neutral
29082,angry
29112,happy
29121,angry
29150,angry
29194,fear
29226,sad
29243,angry
29295,sad
29298,fear
29305,happy
29318,sad
29322,fear
2934,happy
29379,neutral
29383,neutral
2945,neutral
2950,neutral
29529,neutral
29553,sad
29561,angry
29580,happy
29585,sad
29617,sad
29622,angry
29627,fear
29628,sad
29632,neutral
29652,neutral
29692,sad
29703,sad
29756,fear
29757,angry
29792,surprise
29819,angry
29835,happy
29875,angry
29897,neutral
29936,surprise
29937,happy
29941,neutral
29970,sad
29973,sad
29998,sad
30001,sad
30035,fear
30045,neutral
30056,neutral
3007,neutral
30080,sad
30094,neutral
30104,sad
30118,neutral
3012,sad
30144,neutral
30170,fear
30181,sad
30219,fear
30251,fear
30274,sad
30289,surprise
30292,fear
30326,sad
30331,sad
30358,sad
30377,sad
30410,surprise
30439,sad
30440,neutral
30462,fear
30541,neutral
30552,happy
3056,angry
30565,happy
3059,fear
30611,sad
3075,sad
30763,neutral
30789,neutral
30817,sad
30818,neutral
30853,sad
30867,sad
3088,angry
3094,neutral
31009,neutral
31068,happy
31072,happy
31099,angry
31104,neutral
31113,neutral
31149,neutral
3118,sad
312,angry
31248,angry
31265,angry
31328,neutral
31367,neutral
3139,fear
31390,fear
31409,angry
31424,angry
31506,neutral
31510,surprise
31527,angry
31534,fear
31634,angry
31643,neutral
31653,fear
31663,fear
31665,happy
31669,sad
3169,neutral
31712,happy
31720,angry
31836,sad
31857,happy
3187,sad
32005,sad
32029,surprise
3206,happy
32139,fear
32175,sad
32183,sad
32189,fear
32202,neutral
32268,neutral
32296,sad
32297,neutral
3235,angry
32383,fear
32394,sad
32422,fear
32565,neutral
32580,happy
32582,fear
32613,happy
3263,happy
32711,sad
32744,happy
32768,fear
32814,sad
32818,fear
32836,sad
32843,angry
32859,happy
32861,fear
32898,happy
32903,sad
32911,angry
32932,fear
32982,sad
33089,sad
33152,neutral
33213,happy
33227,neutral
33247,happy
33276,happy
33295,angry
33302,happy
33331,fear
33371,angry
33373,surprise
33421,neutral
33492,fear
33516,fear
33523,sad
33538,fear
33628,neutral
33636,angry
33640,sad
33686,neutral
33691,neutral
33693,fear
33736,happy
33747,fear
3378,sad
33780,sad
33786,neutral
3382,angry
33820,fear
33936,neutral
33962,sad
33988,angry
3403,sad
34070,happy
34121,surprise
34176,sad
34195,neutral
34205,angry
34242,sad
34250,neutral
3433,happy
34387,fear
34408,sad
34413,fear
34427,angry
34477,neutral
34509,angry
34533,neutral
34605,fear
34610,neutral
34629,fear
34633,angry
34679,sad
34694,happy
3477,happy
34788,sad
34798,surprise
34799,neutral
34820,fear
34827,sad
34905,angry
34913,sad
34917,sad
3492,angry
34945,angry
34985,neutral
34988,sad
34991,fear
350,sad
35030,neutral
35039,surprise
35043,sad
35058,happy
3506,surprise
3508,sad
35116,sad
35131,sad
35148,fear
3518,sad
35192,neutral
35214,happy
35297,neutral
35318,fear
35375,surprise
35386,angry
35411,neutral
3546,neutral
35528,fear
35567,neutral
35605,surprise
35615,fear
35639,neutral
35691,angry
35737,happy
35768,fear
35812,neutral
35873,fear
359,sad
3634,fear
3653,angry
3661,surprise
3731,angry
3767,sad
3825,neutral
3855,neutral
3869,fear
3922,neutral
3951,sad
3972,sad
3988,fear
4130,sad
4207,sad
422,sad
4233,fear
4274,sad
4381,fear
4389,neutral
4412,neutral
4415,sad
4441,angry
4482,fear
4534,neutral
4572,sad
4594,fear
4596,sad
4615,sad
4624,happy
4697,sad
4714,fear
4734,neutral
4736,angry
4764,sad
4771,sad
4811,sad
4860,sad
4940,fear
4951,angry
4958,happy
4987,happy
5004,fear
505,neutral
5055,happy
5056,sad
5058,happy
5061,angry
5100,angry
5101,neutral
5107,happy
5147,fear
5166,surprise
5177,sad
5224,angry
5229,fear
5374,fear
5435,fear
5466,angry
5560,neutral
5629,neutral
5642,sad
5689,happy
5710,neutral
580,sad
5836,fear
5910,sad
5995,angry
6025,sad
6033,angry
6109,neutral
6137,happy
6149,sad
6187,angry
6215,sad
6265,angry
6304,sad
6312,sad
6353,sad
6400,surprise
6449,neutral
6459,neutral
6467,sad
6492,angry
6521,angry
6529,sad
6551,sad
6557,neutral
6563,sad
6645,sad
6660,sad
6720,neutral
6735,sad
6771,angry
680,sad
6833,sad
6860,sad
688,neutral
6897,sad
6901,neutral
6904,fear
6915,surprise
6930,fear
6957,angry
6960,sad
6964,angry
70,sad
7030,angry
7037,sad
7039,angry
7119,angry
7121,neutral
7165,sad
7232,neutral
7253,fear
7268,neutral
7275,happy
7287,sad
7301,happy
7337,fear
7371,sad
7400,fear
7406,neutral
7430,fear
7475,neutral
7502,fear
7536,sad
7566,sad
7569,neutral
761,sad
7618,sad
7623,neutral
7675,sad
7679,fear
7724,happy
7776,surprise
7806,neutral
7848,sad
7877,sad
7878,neutral
7943,neutral
7962,fear
7963,angry
7976,fear
798,angry
800,neutral
8039,angry
8056,neutral
8098,angry
8099,fear
8102,neutral
8146,surprise
8164,sad
8197,happy
8203,fear
822,fear
8223,happy
8238,sad
8252,fear
8266,disgust
8333,neutral
8390,neutral
8430,sad
8525,fear
8580,angry
8614,sad
8639,sad
8659,angry
8702,neutral
8718,angry
8738,fear
8761,neutral
8814,neutral
8834,neutral
8851,neutral
8876,sad
8892,angry
8925,sad
8953,sad
8955,neutral
8958,happy
9006,fear
9028,sad
9066,neutral
9073,sad
9082,sad
9087,fear
9119,neutral
9142,happy
9171,sad
9219,neutral
922,happy
9238,happy
9267,angry
9327,angry
9338,angry
9387,fear
9405,happy
9454,sad
9457,neutral
9459,neutral
9463,angry
9465,neutral
9498,happy
9508,neutral
9548,neutral
9689,happy
9693,neutral
9713,neutral
9769,angry
977,fear
98,neutral
9841,sad
9864,neutral
987,sad
9885,sad
9889,neutral
9923,sad
10056,surprise
10097,neutral
10162,surprise
10185,surprise
10246,sad
10259,surprise
10268,happy
10306,surprise
1033,surprise
10365,fear
10372,surprise
10444,surprise
10545,surprise
10625,surprise
10701,surprise
10734,surprise
10755,happy
10768,surprise
10800,fear
10813,sad
10820,surprise
10837,surprise
10866,surprise
10909,fear
10931,surprise
10950,surprise
11000,fear
11043,surprise
1107,neutral
11126,happy
11139,surprise
1118,fear
11302,surprise
11414,surprise
11418,surprise
11429,fear
11451,surprise
11466,surprise
11589,happy
11670,surprise
11721,surprise
1176,surprise
11786,neutral
11848,surprise
11865,angry
11902,surprise
12086,angry
12107,surprise
12131,happy
12134,surprise
12312,surprise
12320,happy
12338,surprise
1239,surprise
12463,surprise
12470,surprise
1249,surprise
12504,surprise
12529,fear
12551,surprise
12567,happy
12626,surprise
12684,happy
12723,surprise
12748,surprise
12768,surprise
12903,happy
12924,happy
12960,surprise
12973,surprise
13009,neutral
13080,surprise
13101,surprise
13145,surprise
13169,neutral
13203,fear
13205,surprise
13230,surprise
13288,surprise
13460,surprise
13521,surprise
13622,fear
13684,surprise
13740,surprise
1376,surprise
13837,fear
13876,surprise
14080,surprise
14091,fear
14115,surprise
14305,surprise
14331,surprise
14375,surprise
1449,surprise
1457,surprise
14647,surprise
14691,surprise
14697,surprise
14798,surprise
14914,fear
14927,fear
14968,surprise
15008,surprise
15034,surprise
15037,angry
15047,surprise
15101,fear
1515,fear
15179,surprise
15238,surprise
15244,neutral
15263,happy
15354,surprise
15378,fear
15383,surprise
15416,surprise
15454,surprise
15467,surprise
15486,surprise
15487,surprise
15518,angry
15524,surprise
15527,surprise
15533,fear
15628,surprise
15635,neutral
15788,neutral
15802,happy
1583,neutral
15922,surprise
15944,neutral
16110,angry
16133,surprise
16172,surprise
16229,surprise
16237,surprise
16280,surprise
16396,surprise
16415,sad
16441,surprise
16507,happy
16530,surprise
16646,angry
16666,fear
16721,surprise
16756,happy
16774,sad
16829,surprise
16886,fear
16901,fear
16947,surprise
16959,surprise
16980,surprise
16995,happy
17016,surprise
17019,neutral
17027,surprise
17044,fear
1710,surprise
17137,fear
17148,surprise
17157,angry
17161,happy
17177,surprise
17205,surprise
17245,fear
17290,surprise
17309,surprise
1735,surprise
17350,happy
17422,fear
17429,neutral
17433,fear
1750,fear
176,fear
17610,surprise
1764,surprise
17693,surprise
17845,surprise
17906,angry
17919,fear
17952,surprise
1800,surprise
18026,surprise
18038,surprise
18132,surprise
18198,surprise
18285,fear
18313,surprise
18393,surprise
18436,fear
18521,surprise
18555,surprise
18577,surprise
18613,fear
18615,fear
18619,surprise
18631,surprise
1864,surprise
18678,surprise
18706,surprise
18742,surprise
18862,surprise
18864,surprise
19051,surprise
1911,surprise
1914,surprise
19142,surprise
19177,fear
19187,surprise
19267,surprise
19314,surprise
19362,surprise
19389,surprise
19431,surprise
1945,surprise
1952,surprise
19594,surprise
19601,surprise
19650,surprise
19665,surprise
19720,neutral
19755,surprise
19795,surprise
1992,surprise
19972,fear
20041,happy
20146,surprise
20148,surprise
20162,surprise
20167,surprise
20262,surprise
20293,surprise
20369,surprise
20373,surprise
20387,fear
20407,surprise
20467,surprise
20573,angry
20584,surprise
20594,fear
20664,neutral
20691,surprise
20786,surprise
20855,surprise
20882,surprise
2090,surprise
20935,surprise
20947,happy
20967,fear
20989,surprise
21044,fear
21072,surprise
21074,surprise
2114,angry
21148,surprise
21151,surprise
21153,surprise
21154,surprise
2119,surprise
21217,surprise
21233,happy
21239,surprise
21299,surprise
21417,surprise
2146,neutral
21461,surprise
21468,surprise
21545,surprise
21570,happy
21578,surprise
21587,surprise
2168,fear
2173,surprise
21807,fear
21824,fear
21834,surprise
21887,surprise
21896,fear
21906,surprise
2195,surprise
21973,surprise
21987,surprise
2200,surprise
22019,angry
22025,surprise
22128,surprise
22131,surprise
22278,fear
2228,surprise
22305,surprise
22322,fear
2234,surprise
22372,surprise
22497,surprise
22509,sad
22525,surprise
22666,surprise
22741,sad
22771,fear
22864,neutral
22921,surprise
23053,surprise
23151,surprise
23155,surprise
23328,surprise
23346,angry
23386,surprise
23413,happy
23433,surprise
23661,surprise
23662,surprise
23739,fear
23747,surprise
23751,surprise
23885,surprise
23893,surprise
23917,happy
23941,surprise
23943,neutral
23949,surprise
24022,angry
24031,neutral
24046,surprise
24050,surprise
24143,surprise
24163,surprise
24167,surprise
24174,surprise
24179,surprise
24201,surprise
24291,sad
24404,happy
24411,surprise
24415,surprise
24432,surprise
24433,surprise
2448,surprise
24557,surprise
2461,surprise
24646,angry
24668,surprise
24756,angry
24893,sad
24904,happy
24921,surprise
25010,surprise
25036,surprise
25044,surprise
25107,surprise
25143,surprise
25188,surprise
25229,fear
25234,surprise
25280,surprise
2529,surprise
25319,surprise
25390,surprise
25397,surprise
25402,surprise
25416,surprise
25492,surprise
25539,angry
25563,surprise
25571,surprise
256,surprise
25610,fear
25636,neutral
25674,surprise
25687,surprise
25709,surprise
25742,surprise
25781,surprise
25808,fear
25906,sad
25959,surprise
26076,surprise
26087,surprise
26101,surprise
26102,surprise
26133,surprise
2619,surprise
26243,surprise
2634,happy
26452,surprise
26455,surprise
26483,fear
26487,surprise
26500,sad
26556,surprise
26626,happy
26708,surprise
26800,happy
26825,surprise
26907,surprise
26910,surprise
26914,angry
26944,surprise
27025,happy
27039,surprise
27070,fear
27125,surprise
27165,surprise
27174,surprise
27193,surprise
27240,surprise
27270,surprise
27273,surprise
27321,surprise
27325,surprise
27328,surprise
2744,fear
27566,surprise
27577,surprise
2758,surprise
27586,happy
2759,surprise
276,surprise
27696,surprise
27737,surprise
27756,surprise
27774,surprise
27803,surprise
27916,surprise
27919,neutral
27926,surprise
27933,surprise
27973,surprise
27979,surprise
2803,angry
28076,surprise
28082,angry
28130,surprise
28182,surprise
28219,happy
28236,surprise
28287,surprise
28328,surprise
28335,fear
28342,fear
2835,surprise
2837,surprise
28370,neutral
28421,surprise
28441,surprise
28448,surprise
28476,surprise
28482,surprise
28501,surprise
28525,surprise
28639,surprise
28653,surprise
28666,fear
28667,surprise
28727,surprise
28803,angry
2886,neutral
28864,surprise
28901,surprise
29038,sad
29110,surprise
29118,surprise
29164,surprise
29205,surprise
29225,surprise
29276,fear
29283,fear
29354,angry
2949,happy
29515,surprise
29516,neutral
29537,surprise
29540,surprise
29542,angry
29551,angry
29557,sad
2956,surprise
29568,surprise
29618,surprise
29619,surprise
29677,happy
29690,surprise
29796,surprise
29797,surprise
29803,neutral
29884,happy
29954,happy
3002,surprise
30173,fear
30174,happy
30184,fear
30190,surprise
30336,fear
30537,surprise
30620,surprise
30625,fear
30628,surprise
30714,surprise
30726,surprise
30811,surprise
3084,happy
30943,surprise
30989,surprise
31005,surprise
31054,surprise
31097,fear
31102,surprise
31194,surprise
31198,surprise
31206,surprise
31223,surprise
31353,surprise
31364,fear
31533,surprise
31563,surprise
3157,surprise
31631,happy
31662,surprise
31775,surprise
31781,surprise
31784,surprise
31799,surprise
31814,surprise
31826,surprise
31872,surprise
31882,surprise
31899,fear
31953,surprise
31961,surprise
32069,surprise
32132,surprise
32165,fear
32179,surprise
3223,surprise
3224,surprise
32243,surprise
32308,happy
32315,surprise
32324,surprise
32334,surprise
32365,surprise
32395,surprise
32405,surprise
32420,surprise
32432,surprise
32510,surprise
32530,surprise
32630,surprise
32695,fear
32727,surprise
32734,fear
32753,surprise
32756,surprise
32894,fear
32968,surprise
32979,surprise
330,surprise
33039,fear
33055,surprise
33072,surprise
33079,angry
33147,surprise
33180,surprise
33290,surprise
33316,surprise
33329,surprise
33364,surprise
33376,angry
33378,surprise
33405,fear
33411,surprise
3354,surprise
336,surprise
33667,fear
33677,surprise
33745,surprise
33759,surprise
33789,surprise
33800,neutral
33879,surprise
3392,surprise
33993,surprise
33997,surprise
34004,angry
34034,surprise
34039,surprise
34072,happy
34087,surprise
34134,happy
34162,surprise
34212,happy
3423,surprise
34237,surprise
34252,fear
34288,fear
34385,happy
34400,surprise
34416,surprise
34439,surprise
3445,neutral
34546,surprise
34557,surprise
34664,surprise
34674,surprise
34722,fear
34787,fear
34813,surprise
34844,surprise
34904,surprise
34926,surprise
34984,fear
34986,surprise
35049,surprise
35063,surprise
35083,surprise
35084,neutral
35118,surprise
35121,angry
35144,surprise
35154,surprise
35156,angry
35194,surprise
35201,surprise
35212,surprise
35237,surprise
35276,surprise
35355,fear
35384,surprise
35387,surprise
35399,surprise
35511,fear
35524,surprise
35530,surprise
35608,fear
35644,happy
35684,surprise
35688,surprise
35757,fear
35790,surprise
35823,surprise
35833,surprise
35857,surprise
35872,neutral
3603,surprise
3607,surprise
3635,surprise
3675,surprise
3691,surprise
3756,surprise
3765,surprise
3858,surprise
3874,happy
3878,surprise
3925,surprise
4036,surprise
4072,fear
4076,surprise
4080,surprise
4086,surprise
413,surprise
4199,angry
4243,surprise
4289,happy
4347,surprise
435,surprise
4352,neutral
438,surprise
4390,surprise
4431,surprise
4486,surprise
4513,surprise
4536,surprise
4570,happy
4621,surprise
4636,surprise
4657,happy
4685,surprise
4698,surprise
4793,surprise
4895,surprise
4912,fear
5037,surprise
5077,surprise
51,neutral
5138,surprise
5178,surprise
518,fear
5310,fear
5375,surprise
5419,angry
5450,fear
5513,surprise
5530,surprise
5595,surprise
5636,fear
5664,surprise
5706,surprise
5771,surprise
5778,angry
5855,fear
5893,surprise
5938,happy
5943,surprise
5997,sad
6046,surprise
6050,surprise
6167,surprise
6184,surprise
6216,surprise
6219,surprise
6247,fear
6309,surprise
6360,surprise
6410,surprise
6415,surprise
6425,surprise
6427,surprise
647,angry
6518,surprise
6598,surprise
6647,surprise
670,surprise
6711,happy
6716,surprise
675,surprise
6797,surprise
6877,fear
692,surprise
6966,surprise
7024,surprise
7032,happy
7153,surprise
7203,surprise
7211,surprise
726,sad
7459,surprise
7512,fear
7562,surprise
7582,surprise
759,happy
7626,surprise
7761,surprise
7774,angry
78,surprise
783,surprise
7865,fear
7874,surprise
788,surprise
7926,surprise
7957,happy
8016,fear
8021,surprise
8042,surprise
8063,happy
8115,neutral
8137,surprise
8143,surprise
8173,surprise
8240,fear
8309,happy
8329,surprise
8404,sad
8421,surprise
843,surprise
8439,fear
8478,happy
8489,surprise
867,fear
8736,happy
8837,fear
8928,surprise
8973,fear
9017,surprise
9021,angry
9118,surprise
9141,surprise
9162,fear
9309,surprise
9367,surprise
9380,surprise
9450,surprise
9467,neutral
947,surprise
9499,surprise
9541,surprise
9546,fear
9560,angry
9630,surprise
9644,surprise
9681,surprise
9776,happy
9786,happy
9806,surprise
9830,happy
9853,surprise
9878,happy
993,surprise
